student_id,name,gender,age,grade_level,math_score,reading_score,writing_score,attendance_rate,parent_education,study_hours,internet_access,lunch_type,extra_activities,final_result
S1,Student_1,Other,17,10,74,61,90,94.6600021444525,Master's,4.12019234816017,Yes,Free or reduced,Yes,Fail
S2,Student_2,Male,17,12,,70,91,93.1732270987953,Bachelor's,2.88650546078105,No,Free or reduced,No,Pass
S3,Student_3,Other,17,9,59,,99,98.6310982861896,PhD,1.90992641477416,No,Free or reduced,No,Fail
S4,Student_4,Other,17,12,70,88,,96.4196203459828,PhD,1.664739998439,No,Standard,No,Pass
S5,Student_5,Male,15,9,85,77,94,91.3321051781093,PhD,2.33091790604152,Yes,Free or reduced,No,Pass
S6,Student_6,Male,17,11,61,54,89,93.1406099646821,Master's,12,No,Free or reduced,Yes,Fail
S7,Student_7,Other,16,9,76,66,88,97.9677293316807,Bachelor's,2.3721068503601,Yes,Free or reduced,No,Pass
S8,Student_8,Female,16,11,89,69,98,87.9903756917387,PhD,4.95249630381854,No,Standard,Yes,Pass
S9,Student_9,Other,17,12,51,90,72,86.5358941171555,High School,2.94092182306142,No,Standard,No,Pass
S10,Student_10,Other,17,11,62,95,96,80.2162216727039,Bachelor's,1.7166556731606,Yes,Standard,Yes,Fail
S11,Student_11,Other,16,12,81,61,81,96.5310214838293,High School,4.56456036717404,Yes,Free or reduced,Yes,Pass
S12,Student_12,Other,16,10,80,55,96,96.0196140080673,High School,2.84142149253931,No,Free or reduced,Yes,Pass
S13,Student_13,Male,15,10,65,66,82,82.089090362003,PhD,3.8386853740181,No,Free or reduced,Yes,Pass
S14,Student_14,Other,16,10,81,68,95,91.537147622654,PhD,4.93484633283661,Yes,Standard,Yes,Fail
S15,Student_15,Female,16,11,81,75,54,89.2796339633378,Master's,1.2007014012799,No,Free or reduced,No,Fail
S16,Student_16,Male,17,10,83,97,92,82.3741819101822,Master's,1.38677823915027,Yes,Standard,Yes,Fail
S17,Student_17,Female,16,9,60,93,97,99.6113645412145,Master's,3.88182696585102,Yes,Standard,No,Fail
S18,Student_18,Female,15,12,59,93,83,84.2939177492671,Bachelor's,2.12730001318189,No,Standard,Yes,Fail
S19,Student_19,Female,16,12,64,81,89,81.3446836018112,Master's,1.7372055878004,Yes,Standard,Yes,Pass
S20,Student_20,Female,17,9,66,55,60,91.8969475900382,High School,1.15744751927892,Yes,Standard,No,Fail
S21,Student_21,Male,17,11,89,85,99,94.7773335426607,Master's,1.08738684794481,Yes,Free or reduced,Yes,Fail
S22,Student_22,Male,16,11,67,87,52,80.6488689209438,PhD,4.09794241247916,No,Free or reduced,Yes,Pass
S23,Student_23,Female,17,12,58,60,82,93.1743527745404,Master's,1.5377337094782,Yes,Standard,Yes,Fail
S24,Student_24,Female,15,10,74,82,60,90.6458375190291,Bachelor's,2.8708824638846,No,Free or reduced,Yes,Pass
S25,Student_25,Male,15,11,89,73,65,82.065300177501,Bachelor's,3.42358726071793,No,Free or reduced,No,Fail
S26,Student_26,Male,16,11,63,72,67,83.4504775389273,High School,2.71340720227538,No,Standard,Yes,Pass
S27,Student_27,Male,16,9,74,64,79,91.3594859463216,Bachelor's,1.10842660934493,Yes,Standard,Yes,Pass
S28,Student_28,Other,16,9,99,76,97,85.9271522702658,Master's,4.13400601035164,Yes,Free or reduced,No,Fail
S29,Student_29,Other,17,10,71,60,59,98.7663145730263,PhD,1.04205289816661,No,Free or reduced,No,Fail
S30,Student_30,Other,15,11,79,99,67,96.374804589681,Bachelor's,4.04755957750994,No,Free or reduced,Yes,Pass
S31,Student_31,Female,15,11,69,66,87,99.6713441302733,High School,4.57321797515249,Yes,Free or reduced,Yes,Pass
S32,Student_32,Other,17,9,70,63,68,85.1934167790083,Master's,2.73135968422869,No,Standard,No,Pass
S33,Student_33,Female,15,11,93,76,85,99.3944726559595,High School,3.14216989239119,No,Free or reduced,Yes,Pass
S34,Student_34,Female,16,12,81,67,,88.6246773958312,Bachelor's,2.90793357047061,Yes,Standard,No,Pass
S35,Student_35,Other,16,9,95,,95,86.9503759062751,Bachelor's,2.55683447449376,No,Standard,Yes,Pass
S36,Student_36,Female,16,10,,96,52,81.0069905393871,High School,4.54969814148144,Yes,Free or reduced,No,Pass
S37,Student_37,Other,15,9,70,96,59,81.0553051571921,Master's,4.57573404267996,Yes,Free or reduced,No,Fail
S38,Student_38,Other,16,11,84,53,87,93.8402251189331,Bachelor's,2.34326545856614,No,Free or reduced,No,Pass
S39,Student_39,Male,17,10,81,56,50,89.1585798886806,PhD,3.46027901605879,Yes,Standard,Yes,Fail
S40,Student_40,Other,17,9,79,94,76,84.5304325207221,Bachelor's,4.70763024858346,Yes,Standard,Yes,Fail
S41,Student_41,Male,15,12,88,84,95,92.2794061265047,Master's,4.84823399576541,Yes,Standard,Yes,Pass
S42,Student_42,Other,17,12,98,97,57,85.0571623650022,Bachelor's,3.03583616168819,No,Standard,Yes,Pass
S43,Student_43,Other,17,9,61,58,95,91.5526350868885,High School,2.81129922113731,No,Free or reduced,No,Fail
S44,Student_44,Male,15,12,90,57,91,87.1841749396538,Bachelor's,2.1147772637141,No,Standard,No,Pass
S45,Student_45,Male,16,12,96,94,66,96.4710445322364,Bachelor's,4.83548749276164,Yes,Standard,No,Pass
S46,Student_46,Other,16,12,67,66,58,96.4139232153356,Master's,1.57125721789147,Yes,Free or reduced,Yes,Fail
S47,Student_47,Female,16,10,70,66,55,89.547007962448,High School,3.3193183041909,No,Standard,Yes,Fail
S48,Student_48,Male,15,12,62,98,92,87.0163821867003,Master's,2.13020107007456,No,Standard,Yes,Fail
S49,Student_49,Female,17,12,70,82,74,87.2511959311819,Bachelor's,2.11603316139119,Yes,Free or reduced,No,Pass
S50,Student_50,Female,16,12,57,81,88,96.1142905133644,PhD,2.61987434950475,No,Standard,Yes,Pass
S51,Student_51,Female,16,10,95,57,98,86.5635896559522,Bachelor's,4.99517174326262,No,Standard,Yes,Fail
S52,Student_52,Male,15,9,89,68,77,84.1811874741369,Master's,1.21986522735929,No,Standard,No,Pass
S53,Student_53,Female,16,11,95,87,82,81.6937668375061,PhD,3.31416727281413,No,Standard,No,Fail
S54,Student_54,Male,15,12,56,52,86,89.3338624176882,Master's,1.33028863214111,No,Free or reduced,Yes,Pass
S55,Student_55,Female,17,9,72,54,58,89.6426419783968,Master's,1.61808331996208,Yes,Standard,No,Fail
S56,Student_56,Other,15,12,93,62,67,96.8181742080581,High School,2.75825176709159,No,Free or reduced,Yes,Pass
S57,Student_57,Other,15,10,81,96,70,84.4247739289213,PhD,3.04184052538577,No,Standard,No,Fail
S58,Student_58,Male,15,9,60,95,51,87.619825473368,Bachelor's,2.0351696334581,Yes,Free or reduced,No,Pass
S59,Student_59,Other,15,10,71,80,92,96.1681147778738,Master's,2.26582852349766,Yes,Free or reduced,No,Pass
S60,Student_60,Other,17,12,71,65,87,96.4724722149795,Bachelor's,15,Yes,Free or reduced,Yes,Fail
S61,Student_61,Female,17,12,92,99,89,87.6922215195754,High School,2.212879135377,Yes,Standard,Yes,Pass
S62,Student_62,Male,16,10,74,81,85,89.1824804657336,High School,4.86623375752218,No,Standard,Yes,Pass
S63,Student_63,Female,17,11,71,71,99,86.0657178169857,PhD,4.77882952668993,No,Standard,No,Fail
S64,Student_64,Female,17,10,77,78,92,98.6510975683862,High School,2.33951316054794,No,Free or reduced,No,Pass
S65,Student_65,Female,16,12,78,71,86,82.3728753148316,High School,3.28341574511505,No,Standard,No,Pass
S66,Student_66,Female,17,10,62,92,64,98.6749884600294,Bachelor's,4.63838156444378,Yes,Standard,No,Pass
S67,Student_67,Female,15,11,67,52,77,93.6773290367069,High School,1.02473529056359,Yes,Standard,Yes,Fail
S68,Student_68,Female,15,10,51,59,67,90.6314430537346,High School,4.24273428135037,No,Standard,Yes,Fail
S69,Student_69,Female,16,11,78,91,83,80.6531812156899,Master's,4.79347821115568,No,Free or reduced,Yes,Fail
S70,Student_70,Male,16,11,70,70,71,89.5119238364402,High School,1.36530293733423,No,Free or reduced,No,Fail
S71,Student_71,Other,16,10,64,65,60,88.1549621000547,Master's,1.64579074413168,No,Standard,No,Fail
S72,Student_72,Female,15,10,76,61,62,83.2243762395025,High School,4.84298521108542,Yes,Standard,Yes,Pass
S73,Student_73,Female,17,9,99,51,53,93.1281920700132,High School,3.15016057456139,No,Standard,No,Pass
S74,Student_74,Female,15,12,80,90,71,99.4230181473657,PhD,1.05678653788689,Yes,Free or reduced,Yes,Fail
S75,Student_75,Female,16,11,64,73,56,91.2437762212905,PhD,2.03052799505412,Yes,Standard,No,Pass
S76,Student_76,Female,17,9,72,84,92,94.2950655288789,Master's,2.79977469707544,Yes,Free or reduced,No,Pass
S77,Student_77,Female,17,10,73,79,73,81.3690090513203,High School,3.77163564409907,Yes,Free or reduced,Yes,Pass
S78,Student_78,Other,15,12,93,79,53,88.3533399163399,Bachelor's,3.9326415125472,No,Standard,Yes,Pass
S79,Student_79,Other,16,9,62,96,77,82.3271697032899,PhD,4.98168605170183,No,Standard,No,Fail
S80,Student_80,Female,15,11,71,84,64,92.2559167107302,Bachelor's,2.15004479753504,No,Standard,Yes,Fail
S81,Student_81,Other,17,9,92,68,50,98.7696431642831,PhD,3.1528804074739,No,Free or reduced,Yes,Pass
S82,Student_82,Male,15,11,86,99,52,93.2355546494328,PhD,3.13329419143842,Yes,Free or reduced,No,Pass
S83,Student_83,Female,15,10,82,57,63,81.5360609662884,High School,2.62258103778895,Yes,Standard,No,Fail
S84,Student_84,Male,16,12,,75,87,87.0933240997017,PhD,1.67664757536968,Yes,Free or reduced,No,Pass
S85,Student_85,Male,16,12,68,,99,91.013267588817,Bachelor's,4.90982625273537,No,Standard,Yes,Pass
S86,Student_86,Female,17,12,72,89,,88.064155122665,PhD,4.41326874666634,Yes,Standard,No,Pass
S87,Student_87,Other,15,10,78,56,87,96.6728802095035,Master's,2.99333211317695,Yes,Free or reduced,No,Fail
S88,Student_88,Male,15,11,79,79,87,96.2934200941998,High School,3.41298169073612,Yes,Free or reduced,No,Fail
S89,Student_89,Female,15,10,88,56,70,92.2366204020644,High School,1.90904421423865,Yes,Free or reduced,No,Pass
S90,Student_90,Male,17,12,93,52,97,87.4691589026541,Master's,3.17514828156699,No,Free or reduced,No,Pass
S91,Student_91,Male,17,10,96,50,78,85.1067274752649,Master's,3.7798805324859,Yes,Standard,Yes,Pass
S92,Student_92,Male,16,10,74,85,54,82.1174863642626,Master's,3.06066811354636,Yes,Standard,No,Pass
S93,Student_93,Male,16,10,86,74,98,87.0979536697311,PhD,4.96114068233977,No,Standard,No,Pass
S94,Student_94,Other,16,11,96,86,59,88.2634503441544,High School,3.4453666249909,No,Free or reduced,Yes,Pass
S95,Student_95,Male,15,9,57,50,77,93.5164585020815,Master's,2.48389485036868,No,Standard,No,Fail
S96,Student_96,Male,15,9,91,64,70,93.1631964859515,PhD,4.08860811046335,Yes,Free or reduced,No,Fail
S97,Student_97,Male,16,10,65,86,99,81.4021627928251,Master's,1.68185004632657,Yes,Free or reduced,Yes,Pass
S98,Student_98,Other,15,9,57,62,56,87.9051863086232,Bachelor's,2.53806325482507,Yes,Free or reduced,No,Fail
S99,Student_99,Male,16,9,50,89,52,83.6355773443473,Bachelor's,2.38783580151034,Yes,Standard,Yes,Pass
S100,Student_100,Male,17,10,93,57,94,83.1362541063361,High School,2.72722838043111,No,Free or reduced,No,Pass
S101,Student_101,Other,16,10,54,54,96,96.5460429947449,PhD,4.12711930371491,Yes,Free or reduced,Yes,Fail
S102,Student_102,Other,17,12,52,58,69,80.8383043343251,Bachelor's,2.93669212865363,Yes,Free or reduced,Yes,Fail
S103,Student_103,Other,15,9,50,50,68,88.3836575180424,Bachelor's,4.17605780106385,No,Free or reduced,No,Pass
S104,Student_104,Male,16,11,53,85,84,83.3640731153304,PhD,3.30595561255946,No,Free or reduced,Yes,Pass
S105,Student_105,Other,15,10,89,84,53,97.5866043135695,Master's,2.36827773863022,No,Free or reduced,Yes,Fail
S106,Student_106,Other,17,12,84,51,54,91.1408102655007,PhD,4.23991497473389,Yes,Free or reduced,No,Fail
S107,Student_107,Male,17,11,81,89,50,84.627612727537,Master's,1.95315868221237,Yes,Free or reduced,No,Pass
S108,Student_108,Other,17,9,91,72,53,90.0485457433275,Bachelor's,1.89753191919918,Yes,Free or reduced,Yes,Pass
S109,Student_109,Male,15,12,83,58,61,94.6297271940623,Bachelor's,3.01801169621934,Yes,Free or reduced,No,Pass
S110,Student_110,Female,15,10,92,83,76,99.1623601783887,Bachelor's,2.04339698384836,Yes,Free or reduced,Yes,Fail
S111,Student_111,Other,15,11,74,95,91,84.4089200849084,High School,1.03634813980487,No,Free or reduced,Yes,Pass
S112,Student_112,Female,15,10,59,63,72,97.7236354425869,High School,3.59319010919521,No,Standard,No,Fail
S113,Student_113,Male,17,9,70,53,74,98.6860822833498,High School,3.04437528588959,Yes,Standard,No,Pass
S114,Student_114,Other,17,11,95,79,70,98.3284108906413,PhD,2.78207125797264,Yes,Free or reduced,Yes,Fail
S115,Student_115,Male,16,9,88,80,73,92.7082871372382,Bachelor's,4.86787405847326,Yes,Free or reduced,No,Fail
S116,Student_116,Female,16,9,76,87,74,92.5964130886942,Bachelor's,3.28479673585165,Yes,Free or reduced,No,Fail
S117,Student_117,Male,15,12,76,60,94,88.0642126636765,PhD,4.45372631115754,Yes,Standard,Yes,Fail
S118,Student_118,Other,17,10,51,84,95,95.0479576460758,High School,1.55780094482064,No,Standard,Yes,Pass
S119,Student_119,Other,17,11,90,57,81,90.6258803670186,PhD,3.27682585251771,No,Standard,Yes,Fail
S120,Student_120,Female,17,9,97,52,81,93.5487614245659,High School,4.47191850692361,No,Free or reduced,Yes,Fail
S121,Student_121,Male,16,9,62,63,54,88.5691580769759,Bachelor's,3.33242302911959,Yes,Free or reduced,Yes,Fail
S122,Student_122,Other,16,11,58,62,85,94.6299292808628,Master's,3.87205671250801,Yes,Free or reduced,Yes,Pass
S123,Student_123,Female,17,9,85,94,95,96.489430352091,High School,2.48817427124883,No,Free or reduced,No,Pass
S124,Student_124,Other,17,12,71,81,91,82.9287251320563,Bachelor's,1.36979806814827,No,Standard,Yes,Pass
S125,Student_125,Other,17,12,91,83,98,96.6585943114846,Bachelor's,2.83160118050829,Yes,Free or reduced,No,Pass
S126,Student_126,Male,16,12,75,94,91,90.8059306358062,Master's,2.57791756335543,No,Standard,No,Pass
S127,Student_127,Other,17,12,61,68,88,96.8933181818045,Bachelor's,4.46824072951579,No,Standard,Yes,Pass
S128,Student_128,Male,17,9,66,87,65,88.6260341268203,Bachelor's,1.97598120940989,Yes,Free or reduced,No,Fail
S129,Student_129,Other,15,11,63,65,82,87.5808097076607,High School,13,No,Standard,Yes,Fail
S130,Student_130,Female,15,11,63,51,98,98.3012146503445,High School,4.83255247921798,No,Standard,No,Fail
S131,Student_131,Other,16,11,83,89,70,85.023385350968,Master's,1.99052657228575,No,Standard,Yes,Pass
S132,Student_132,Male,17,11,69,66,58,96.8842465057229,Master's,2.39220782190928,Yes,Standard,Yes,Fail
S133,Student_133,Male,17,10,60,83,55,89.6804114501881,Bachelor's,4.58222296349554,No,Free or reduced,Yes,Fail
S134,Student_134,Female,15,11,65,91,94,90.2819088510252,High School,4.86648888358443,No,Free or reduced,Yes,Pass
S135,Student_135,Other,16,10,80,65,84,86.1693656297897,Master's,2.77375641134418,No,Standard,No,Fail
S136,Student_136,Other,15,10,55,87,88,91.4608440123803,Master's,2.28398818256359,Yes,Free or reduced,No,Pass
S137,Student_137,Female,15,12,68,51,71,86.5042239255242,PhD,3.10437605300617,Yes,Standard,No,Fail
S138,Student_138,Other,15,10,86,51,90,80.7853882848331,Master's,3.75107682546294,No,Free or reduced,No,Pass
S139,Student_139,Other,15,9,53,75,54,85.4399721068871,Bachelor's,2.09389806149992,Yes,Free or reduced,No,Pass
S140,Student_140,Male,17,10,96,62,91,80.1275808681318,High School,3.94589269847629,No,Free or reduced,Yes,Pass
S141,Student_141,Other,17,12,53,96,72,99.5670957411371,Master's,1.20662942845856,Yes,Free or reduced,Yes,Fail
S142,Student_142,Other,15,10,69,80,66,99.314944196395,PhD,1.19717797105767,Yes,Free or reduced,Yes,Fail
S143,Student_143,Female,16,9,59,83,61,87.9031059494461,High School,2.54515082058218,No,Standard,Yes,Pass
S144,Student_144,Female,16,9,73,88,72,94.5674170867929,Master's,2.41389276824288,No,Free or reduced,Yes,Pass
S145,Student_145,Male,16,9,84,52,65,86.9161219682085,PhD,2.26253286146861,No,Standard,No,Fail
S146,Student_146,Other,16,12,75,57,52,93.4218631417195,Master's,2.96407905067564,Yes,Standard,Yes,Fail
S147,Student_147,Other,15,12,86,72,79,96.1086008609196,High School,2.28293432924628,No,Free or reduced,Yes,Pass
S148,Student_148,Other,17,11,87,63,71,98.9351248938448,High School,1.76903167387237,Yes,Standard,No,Fail
S149,Student_149,Male,16,12,70,76,58,88.0042455169934,High School,2.2378781963544,Yes,Free or reduced,No,Fail
S150,Student_150,Male,15,9,89,78,78,95.665959659121,Bachelor's,4.89961709124094,No,Standard,Yes,Fail
S151,Student_151,Female,16,9,88,88,96,85.3185690126424,Master's,2.64445366797939,Yes,Standard,Yes,Pass
S152,Student_152,Male,16,12,70,88,86,99.806646075873,Bachelor's,2.77885110743334,No,Free or reduced,No,Pass
S153,Student_153,Other,15,10,59,50,72,80.515391975287,High School,3.30617995980456,Yes,Free or reduced,Yes,Fail
S154,Student_154,Other,17,12,87,66,62,92.0705761300224,PhD,4.93336307365691,No,Free or reduced,Yes,Pass
S155,Student_155,Male,17,12,95,90,81,93.1901196330265,Master's,1.96640510574305,Yes,Free or reduced,Yes,Fail
S156,Student_156,Other,15,9,53,79,,93.7609111414826,Bachelor's,3.72512844212974,Yes,Standard,No,Fail
S157,Student_157,Other,17,11,94,,96,82.4077515757818,Master's,3.8639387741669,No,Free or reduced,Yes,Pass
S158,Student_158,Male,15,9,,70,97,98.7705956694626,PhD,3.42929766717226,Yes,Standard,Yes,Pass
S159,Student_159,Male,15,11,66,68,72,83.6236655810017,Bachelor's,1.35431335854658,No,Standard,No,Pass
S160,Student_160,Other,15,9,56,68,94,92.4550680647968,High School,3.70748910331031,Yes,Standard,No,Fail
S161,Student_161,Other,17,12,53,74,66,84.4535215824617,Bachelor's,1.2563788441447,Yes,Standard,No,Fail
S162,Student_162,Other,15,9,78,71,89,86.1443283404254,Master's,3.38457059819959,Yes,Standard,Yes,Pass
S163,Student_163,Female,16,9,63,80,70,90.9291708345625,Master's,3.95832470888697,No,Standard,No,Pass
S164,Student_164,Female,17,9,52,66,51,88.3438683712915,Master's,1.8438795624798,No,Free or reduced,Yes,Pass
S165,Student_165,Female,17,12,73,72,86,83.2045120195301,Master's,4.3664880301711,No,Standard,No,Fail
S166,Student_166,Male,17,12,86,81,55,83.418728048417,High School,1.12141522213202,No,Standard,Yes,Fail
S167,Student_167,Female,17,12,65,59,93,88.362895763256,Bachelor's,4.37525145463322,No,Standard,No,Fail
S168,Student_168,Male,16,12,53,59,67,95.14565956551,High School,2.84131620257106,Yes,Free or reduced,Yes,Pass
S169,Student_169,Male,17,11,73,85,79,97.9592929369558,High School,1.87035175972658,Yes,Free or reduced,Yes,Pass
S170,Student_170,Female,17,11,83,57,71,81.6825532451877,High School,1.53511257997587,No,Standard,No,Fail
S171,Student_171,Female,15,10,79,69,82,87.862078151188,Master's,4.81322867032949,Yes,Free or reduced,No,Pass
S172,Student_172,Female,17,12,67,81,79,82.0049112744575,Master's,1.29066235032463,Yes,Standard,Yes,Pass
S173,Student_173,Other,16,11,68,99,66,80.331849612652,Master's,1.7963736797437,Yes,Free or reduced,No,Pass
S174,Student_174,Female,16,9,80,63,92,93.2343736528791,Bachelor's,2.39128938973218,Yes,Standard,Yes,Pass
S175,Student_175,Other,16,12,68,99,81,92.0489888393318,PhD,3.48093939584448,No,Free or reduced,No,Fail
S176,Student_176,Male,16,10,98,77,91,83.2603822762977,Master's,3.17920434110439,Yes,Free or reduced,No,Pass
S177,Student_177,Other,17,10,95,95,63,84.6762566618613,Bachelor's,1.50257396964926,No,Free or reduced,Yes,Fail
S178,Student_178,Female,17,10,68,73,59,80.4741550728904,Master's,2.15891193495286,No,Standard,No,Fail
S179,Student_179,Male,16,9,71,64,96,96.6989441138881,Master's,1.9550070843441,Yes,Standard,No,Pass
S180,Student_180,Male,16,11,73,71,85,99.493811920971,High School,1.85417141796137,No,Standard,Yes,Fail
S181,Student_181,Male,17,9,94,79,83,82.7091907358938,High School,2.64457734591995,Yes,Free or reduced,Yes,Fail
S182,Student_182,Other,16,12,61,53,58,84.629504275306,High School,3.81612581036663,Yes,Free or reduced,No,Pass
S183,Student_183,Female,15,10,79,62,91,97.3681904789387,Bachelor's,1.86981172886894,Yes,Standard,Yes,Fail
S184,Student_184,Male,16,9,87,72,77,98.5292759591237,PhD,2.46671551881193,No,Free or reduced,No,Fail
S185,Student_185,Male,16,9,80,57,60,88.3925476561362,PhD,2.56366970736465,No,Standard,No,Fail
S186,Student_186,Male,15,11,85,67,63,81.0124494453815,Bachelor's,4.90582611774164,No,Standard,Yes,Fail
S187,Student_187,Other,15,11,68,61,88,80.7878366738564,Master's,4.81866542751628,Yes,Standard,Yes,Fail
S188,Student_188,Other,17,10,97,80,96,120,Bachelor's,4.2005503310083,Yes,Standard,Yes,Fail
S189,Student_189,Female,17,9,94,63,68,87.8579021778636,Master's,1.96663568327674,Yes,Free or reduced,Yes,Fail
S190,Student_190,Other,15,9,85,83,64,80.5730485515531,Bachelor's,1.27214925636668,No,Free or reduced,Yes,Fail
S191,Student_191,Male,15,11,79,67,77,91.6650478462511,Bachelor's,14,Yes,Free or reduced,Yes,Pass
S192,Student_192,Female,17,9,98,83,73,80.2260507317805,Bachelor's,2.06717819773532,Yes,Standard,No,Pass
S193,Student_193,Male,16,9,82,60,57,95.7474391629855,PhD,3.02370320058558,No,Free or reduced,No,Pass
S194,Student_194,Male,15,9,67,90,92,86.1286564540674,High School,4.11091164027117,No,Standard,Yes,Fail
S195,Student_195,Other,17,11,98,61,58,80.8051600601847,Bachelor's,4.43329175551543,No,Standard,No,Fail
S196,Student_196,Female,16,10,77,98,96,91.7670444196631,PhD,4.37945634164203,Yes,Standard,No,Fail
S197,Student_197,Other,15,12,96,64,82,87.9536882886611,High School,2.43870224489227,Yes,Standard,No,Pass
S198,Student_198,Other,16,10,60,80,82,99.476008267143,High School,3.74893737384273,Yes,Standard,No,Pass
S199,Student_199,Female,17,12,94,98,68,90.883973250074,Bachelor's,2.25133679009688,No,Standard,Yes,Pass
S200,Student_200,Male,15,9,82,78,52,85.5047836207402,Master's,1.24362217294073,No,Free or reduced,No,Fail
S201,Student_201,Male,16,10,66,75,59,94.1887772926795,Master's,3.80626106241177,No,Free or reduced,No,Pass
S202,Student_202,Female,15,12,55,67,89,85.4298400508542,Master's,1.03931021027915,No,Free or reduced,Yes,Pass
S203,Student_203,Male,16,11,53,81,96,98.0848658281513,Bachelor's,2.63673034983395,Yes,Free or reduced,Yes,Fail
S204,Student_204,Female,17,11,69,71,91,87.4944394101475,Master's,2.3175170772083,Yes,Standard,Yes,Pass
S205,Student_205,Female,17,10,,87,50,90.9973712555241,PhD,3.77351015407541,Yes,Standard,Yes,Fail
S206,Student_206,Other,15,10,96,,78,81.0114620764846,PhD,4.06498189104152,Yes,Free or reduced,No,Pass
S207,Student_207,Female,16,9,76,72,,88.5224247590446,PhD,2.21637854388514,Yes,Free or reduced,Yes,Fail
S208,Student_208,Other,15,10,64,73,83,96.6472707932199,PhD,4.24650805777941,Yes,Free or reduced,No,Fail
S209,Student_209,Male,15,9,55,99,62,96.1129761072668,High School,2.17566704201973,Yes,Free or reduced,No,Fail
S210,Student_210,Male,16,9,96,57,50,84.4863711770705,PhD,2.78530543994624,Yes,Free or reduced,Yes,Fail
S211,Student_211,Male,16,11,63,90,83,84.5215814202112,Master's,3.90807410805654,No,Free or reduced,Yes,Fail
S212,Student_212,Male,16,11,60,55,78,96.3461062442647,Bachelor's,3.77168091689915,No,Free or reduced,Yes,Pass
S213,Student_213,Other,17,12,88,54,97,98.6079684033865,Master's,4.9494738892488,Yes,Free or reduced,Yes,Fail
S214,Student_214,Male,15,11,58,93,96,81.9072184254601,PhD,1.90064409686373,No,Standard,Yes,Fail
S215,Student_215,Female,15,11,75,78,62,89.0011727885245,High School,3.64927165415833,Yes,Standard,Yes,Fail
S216,Student_216,Female,17,10,65,77,97,86.7490855792846,PhD,3.43872763310311,Yes,Standard,No,Fail
S217,Student_217,Female,16,11,54,60,98,97.4137691091488,Bachelor's,4.66039381796012,No,Standard,No,Pass
S218,Student_218,Other,17,12,59,50,78,81.6704982936004,Master's,1.6254485665795,Yes,Free or reduced,No,Fail
S219,Student_219,Male,17,10,99,92,88,84.2225188511607,Bachelor's,4.00719265434773,Yes,Standard,No,Pass
S220,Student_220,Male,17,12,52,68,73,95.0493667517299,Bachelor's,3.27307446507507,Yes,Free or reduced,Yes,Fail
S221,Student_221,Male,15,11,62,58,75,81.0258769796243,Bachelor's,2.09866347915162,Yes,Standard,Yes,Fail
S222,Student_222,Other,17,12,92,76,66,89.8507076142858,Master's,2.8977396565887,Yes,Free or reduced,No,Pass
S223,Student_223,Female,15,10,98,83,56,88.8421406935944,PhD,2.33510638827919,Yes,Free or reduced,No,Pass
S224,Student_224,Female,15,9,79,93,62,86.688023579775,Bachelor's,3.31725361115384,Yes,Standard,No,Pass
S225,Student_225,Male,15,12,94,53,54,87.8914463063785,Master's,4.55600244325866,No,Standard,Yes,Fail
S226,Student_226,Female,16,12,55,85,75,90.5988117386047,High School,3.27721993764881,No,Free or reduced,Yes,Pass
S227,Student_227,Female,15,10,66,67,98,83.2273471677677,Master's,3.52688967330634,Yes,Free or reduced,Yes,Fail
S228,Student_228,Other,15,10,94,64,52,91.4399175656719,High School,3.07499138845884,No,Free or reduced,No,Pass
S229,Student_229,Other,16,12,68,62,56,96.1086465859997,Master's,1.2046620257819,Yes,Standard,No,Pass
S230,Student_230,Other,15,11,91,68,98,95.2032185958032,PhD,1.93143422750438,Yes,Standard,Yes,Fail
S231,Student_231,Other,17,12,84,98,88,83.0779980938755,Bachelor's,2.96800691772833,Yes,Free or reduced,Yes,Pass
S232,Student_232,Male,17,10,95,55,50,82.9849893948295,PhD,2.24094113497882,Yes,Standard,No,Pass
S233,Student_233,Other,15,9,75,97,98,85.3634873548983,Master's,1.72705439104478,No,Free or reduced,No,Fail
S234,Student_234,Female,16,9,54,61,66,87.2214945268208,Bachelor's,3.01653136767375,No,Standard,Yes,Fail
S235,Student_235,Male,17,11,78,86,92,88.1691116281696,High School,2.2912391737914,No,Standard,No,Fail
S236,Student_236,Female,16,12,86,66,74,93.5939443366669,Master's,2.03243057269366,No,Standard,Yes,Pass
S237,Student_237,Female,16,9,69,72,52,81.1336086433167,Bachelor's,2.85594166976152,Yes,Standard,Yes,Pass
S238,Student_238,Female,17,12,98,75,64,80.6934540845213,High School,1.53313703232869,No,Standard,No,Pass
S239,Student_239,Other,16,10,70,78,78,87.8382112588782,High School,4.71098293230163,Yes,Free or reduced,No,Pass
S240,Student_240,Other,17,9,59,82,92,93.9432738427596,PhD,4.47080839167696,Yes,Free or reduced,No,Pass
S241,Student_241,Male,16,11,54,76,81,83.8687068591296,Master's,3.83048234296214,No,Standard,Yes,Fail
S242,Student_242,Male,17,10,85,74,75,92.830089625125,High School,1.42485531035382,Yes,Free or reduced,No,Pass
S243,Student_243,Other,15,11,55,59,65,85.196562758806,Bachelor's,4.10350901787877,No,Free or reduced,No,Fail
S244,Student_244,Female,17,10,75,96,74,97.7217221762703,High School,4.23182931243608,No,Standard,Yes,Pass
S245,Student_245,Male,17,9,53,72,77,97.9137988853323,High School,4.07105847085735,No,Free or reduced,Yes,Fail
S246,Student_246,Other,17,11,88,70,58,85.9457440856265,PhD,1.45586354847696,No,Standard,No,Pass
S247,Student_247,Other,17,11,88,70,50,84.5998750792648,PhD,3.57563182827106,No,Free or reduced,Yes,Pass
S248,Student_248,Other,16,10,99,92,78,88.2260794413246,Bachelor's,4.33729918299759,Yes,Free or reduced,Yes,Fail
S249,Student_249,Female,15,11,84,62,71,84.810631703603,PhD,3.30941360487867,No,Free or reduced,Yes,Pass
S250,Student_250,Other,17,10,50,86,65,93.4476768658341,High School,3.58562950091236,No,Free or reduced,No,Fail
S251,Student_251,Other,16,10,73,82,90,96.5212936909657,High School,2.83345391770522,Yes,Free or reduced,No,Pass
S252,Student_252,Other,15,10,85,73,93,93.4618426182243,PhD,3.11482927953621,No,Free or reduced,Yes,Pass
S253,Student_253,Other,15,10,55,93,90,96.487008944987,High School,1.1375074334069,No,Free or reduced,Yes,Fail
S254,Student_254,Male,15,9,90,60,56,87.9398432441495,High School,3.55585208789314,Yes,Standard,Yes,Pass
S255,Student_255,Male,15,10,95,66,63,83.1263394141772,Bachelor's,1.32578885156464,Yes,Standard,No,Fail
S256,Student_256,Other,17,12,93,53,78,94.7590189479518,PhD,2.74005837736089,No,Standard,Yes,Pass
S257,Student_257,Female,17,11,80,96,68,87.2094901028311,High School,2.17062039066963,Yes,Standard,Yes,Pass
S258,Student_258,Male,16,12,69,74,68,93.4254165045826,PhD,3.18171180084685,No,Free or reduced,No,Pass
S259,Student_259,Other,16,9,73,79,51,85.4128788396353,Bachelor's,1.53366534209283,Yes,Free or reduced,Yes,Pass
S260,Student_260,Male,16,12,74,58,90,81.6245926961335,PhD,3.76657360789327,No,Free or reduced,No,Pass
S261,Student_261,Male,15,11,85,70,94,99.8516359097553,High School,12,No,Standard,No,Pass
S262,Student_262,Female,15,12,70,69,64,83.124030158612,PhD,1.65341779897263,No,Standard,No,Pass
S263,Student_263,Other,17,9,79,68,52,99.7684198792696,High School,1.41725234940753,Yes,Standard,Yes,Fail
S264,Student_264,Other,15,10,73,68,60,124,High School,1.58206193114944,No,Free or reduced,Yes,Pass
S265,Student_265,Female,15,12,93,61,95,95.8763620781608,High School,4.50851024759401,Yes,Standard,No,Pass
S266,Student_266,Female,15,9,91,86,79,93.18845924164,Bachelor's,3.11275704702542,No,Free or reduced,Yes,Pass
S267,Student_267,Other,16,9,79,91,89,91.5561410050217,PhD,2.86904398403001,No,Standard,No,Fail
S268,Student_268,Other,16,11,71,66,67,97.3220309075567,Bachelor's,1.42684727640942,No,Free or reduced,Yes,Fail
S269,Student_269,Female,17,11,77,86,97,85.7887904323898,PhD,3.59822402702785,No,Standard,No,Pass
S270,Student_270,Male,15,12,56,97,51,89.3536242496976,Bachelor's,4.47199836758036,No,Free or reduced,No,Pass
S271,Student_271,Male,15,10,84,88,81,92.38779938733,Master's,4.31274347729381,Yes,Standard,Yes,Pass
S272,Student_272,Female,17,9,77,77,57,88.2238095173898,High School,3.50421883592321,Yes,Standard,Yes,Fail
S273,Student_273,Male,15,12,63,90,71,88.5497290818054,High School,1.30111486660669,Yes,Free or reduced,Yes,Pass
S274,Student_274,Female,15,9,59,84,55,86.6056933500417,Bachelor's,1.44958810870405,No,Free or reduced,Yes,Fail
S275,Student_275,Male,16,9,65,96,61,91.2846363336907,Master's,1.1972359484393,No,Standard,No,Pass
S276,Student_276,Male,17,10,65,97,96,97.0114905603023,High School,2.02991686596988,Yes,Free or reduced,No,Fail
S277,Student_277,Other,17,10,80,67,89,84.0305675601263,PhD,1.54264586864151,No,Standard,Yes,Fail
S278,Student_278,Other,17,12,91,63,85,98.6886607750688,Bachelor's,2.04019216100974,No,Free or reduced,Yes,Pass
S279,Student_279,Male,17,10,74,84,64,93.7817530749646,High School,2.54023222287585,No,Standard,No,Pass
S280,Student_280,Male,16,10,62,93,77,96.4654642536006,High School,4.77193113628454,Yes,Free or reduced,Yes,Pass
S281,Student_281,Other,16,12,55,90,98,91.1238138526002,Bachelor's,3.44150423912677,Yes,Standard,Yes,Pass
S282,Student_282,Other,15,10,93,56,94,95.5903340284813,Bachelor's,4.33989514273185,Yes,Standard,Yes,Pass
S283,Student_283,Other,15,11,58,90,67,80.3240079467894,PhD,3.84140600284933,Yes,Standard,Yes,Pass
S284,Student_284,Female,15,9,94,62,51,96.3676084955907,PhD,1.45001252210653,Yes,Free or reduced,No,Pass
S285,Student_285,Male,15,9,85,67,62,80.8027771817073,High School,3.9436816254958,No,Standard,No,Fail
S286,Student_286,Other,16,9,92,86,94,97.7982675272573,High School,2.1003955262365,No,Free or reduced,Yes,Pass
S287,Student_287,Male,17,9,69,62,64,99.8392549447729,Bachelor's,3.55643138797883,No,Free or reduced,No,Pass
S288,Student_288,Female,16,12,67,85,69,85.8813492435356,High School,2.36384789457195,No,Free or reduced,Yes,Fail
S289,Student_289,Female,15,9,92,80,78,84.2063711257159,High School,4.99068905305864,Yes,Standard,Yes,Pass
S290,Student_290,Other,16,9,70,51,91,95.3072672771608,Bachelor's,2.05420591798711,Yes,Free or reduced,Yes,Pass
S291,Student_291,Female,17,9,53,65,78,85.0605268184051,High School,2.11652188309708,No,Free or reduced,No,Pass
S292,Student_292,Male,17,9,99,58,52,97.3112476634441,High School,4.72268902224959,Yes,Free or reduced,No,Pass
S293,Student_293,Other,16,11,82,58,68,82.0568518431495,Master's,1.09857761854529,No,Standard,No,Fail
S294,Student_294,Male,16,9,76,87,52,82.5191039275872,PhD,3.78675595149279,No,Free or reduced,No,Fail
S295,Student_295,Male,16,11,56,60,63,99.5830311020123,Bachelor's,3.90130556294351,No,Free or reduced,No,Pass
S296,Student_296,Female,15,12,55,71,89,93.4767779654001,Master's,4.3455143096416,No,Free or reduced,Yes,Pass
S297,Student_297,Female,16,10,64,82,53,96.9377444885791,PhD,4.8977572425539,Yes,Free or reduced,Yes,Fail
S298,Student_298,Female,16,9,67,85,60,86.4865875470304,PhD,4.90240767662661,No,Standard,No,Pass
S299,Student_299,Female,16,10,81,94,80,93.5296749904121,PhD,1.26110703026586,Yes,Standard,No,Fail
S300,Student_300,Female,17,10,60,72,92,91.8848365461719,Master's,16,No,Free or reduced,No,Fail
S301,Student_301,Other,17,12,69,94,81,92.0630024024589,Master's,3.58523973462953,No,Free or reduced,Yes,Fail
S302,Student_302,Male,15,10,73,94,76,93.6506491907544,PhD,3.58936853749236,No,Free or reduced,No,Pass
S303,Student_303,Male,15,11,64,83,79,91.507183462582,High School,1.51339970645878,No,Free or reduced,Yes,Pass
S304,Student_304,Male,17,10,97,58,92,88.5812473860533,High School,3.60074866578261,Yes,Standard,Yes,Pass
S305,Student_305,Male,17,10,56,73,51,85.5184538876109,Master's,4.92993032240499,No,Standard,No,Fail
S306,Student_306,Female,17,10,70,57,98,95.371626618264,Master's,4.64727427815779,Yes,Standard,Yes,Pass
S307,Student_307,Male,16,9,91,56,58,84.5254486000637,Master's,2.7565226432194,No,Standard,Yes,Pass
S308,Student_308,Other,16,9,75,85,77,93.8470861230883,PhD,1.15979189314438,No,Free or reduced,No,Fail
S309,Student_309,Other,17,11,93,67,80,84.6666564529865,High School,2.44917396000082,No,Free or reduced,Yes,Pass
S310,Student_310,Male,16,11,63,52,83,92.5066033990891,Master's,4.30556124640222,Yes,Standard,No,Pass
S311,Student_311,Male,16,9,86,77,64,94.9415653425806,Master's,3.80599640586066,No,Standard,Yes,Pass
S312,Student_312,Other,15,11,70,55,97,84.3742777781308,Bachelor's,2.83737462237583,No,Free or reduced,No,Fail
S313,Student_313,Other,17,9,67,93,74,81.1988660172262,PhD,1.22040614063532,No,Free or reduced,No,Pass
S314,Student_314,Female,17,12,54,93,85,82.6194748598835,Bachelor's,2.70757891129321,No,Free or reduced,Yes,Fail
S315,Student_315,Other,16,10,52,70,57,92.1199393454205,High School,2.87609975887153,No,Free or reduced,No,Fail
S316,Student_316,Female,17,10,72,77,58,96.9889281245147,Bachelor's,4.71422213157654,Yes,Free or reduced,Yes,Fail
S317,Student_317,Female,15,11,75,89,86,80.8999364247085,Bachelor's,3.56434441432864,Yes,Standard,Yes,Pass
S318,Student_318,Female,15,9,86,50,97,94.6830251808329,Bachelor's,2.2466116666186,No,Standard,No,Pass
S319,Student_319,Female,15,9,73,85,94,86.826372919001,PhD,3.10127305780289,No,Free or reduced,Yes,Pass
S320,Student_320,Female,17,11,98,70,88,89.5705673983905,High School,1.26422123128864,Yes,Free or reduced,No,Fail
S321,Student_321,Male,17,9,68,92,81,98.5771909969113,Bachelor's,4.89027294259895,No,Standard,Yes,Fail
S322,Student_322,Other,17,12,74,84,,86.6394300947169,PhD,2.4402396077229,Yes,Free or reduced,Yes,Pass
S323,Student_323,Female,17,10,70,,84,89.3067386787897,High School,2.91146941965254,No,Standard,No,Fail
S324,Student_324,Other,17,11,,98,86,80.2736482952136,Master's,2.42113589694769,No,Standard,Yes,Pass
S325,Student_325,Other,15,11,90,59,68,81.6319744000968,Bachelor's,3.7300469204648,Yes,Standard,Yes,Pass
S326,Student_326,Female,16,9,82,93,93,85.1718318226957,High School,3.64892863331837,No,Standard,Yes,Pass
S327,Student_327,Male,15,11,99,96,78,80.5570448164215,Bachelor's,3.86128924211654,Yes,Free or reduced,Yes,Pass
S328,Student_328,Female,17,12,53,59,56,92.627506520965,Master's,2.07257291844768,Yes,Free or reduced,Yes,Pass
S329,Student_329,Male,15,9,91,95,77,88.5279671360325,High School,2.26267392465626,Yes,Standard,Yes,Pass
S330,Student_330,Other,17,9,56,62,58,90.9629040545604,PhD,1.50100492438483,No,Free or reduced,Yes,Pass
S331,Student_331,Male,17,9,71,86,77,83.4929437179266,High School,3.62203988738445,Yes,Free or reduced,Yes,Fail
S332,Student_332,Male,15,9,82,87,55,85.9186405887323,PhD,1.15918850934261,Yes,Free or reduced,No,Pass
S333,Student_333,Male,17,12,66,73,78,93.2764894970545,High School,3.39072934209384,No,Free or reduced,Yes,Fail
S334,Student_334,Other,16,9,73,51,66,99.306054472608,PhD,4.47878353940654,No,Standard,Yes,Fail
S335,Student_335,Other,17,11,83,71,65,81.0083354720442,Master's,4.56332859315853,No,Free or reduced,No,Pass
S336,Student_336,Male,16,12,77,66,72,97.8076864171053,Master's,2.79615104147985,No,Standard,No,Fail
S337,Student_337,Male,16,10,92,85,80,91.5376240262242,Master's,2.83721475285229,No,Standard,No,Fail
S338,Student_338,Female,17,10,90,63,52,91.2783913351125,High School,1.30787673203207,No,Free or reduced,Yes,Fail
S339,Student_339,Male,15,11,88,59,70,90.0055707041552,Master's,3.68306010177214,Yes,Standard,No,Pass
S340,Student_340,Female,16,11,71,84,75,81.3878817180837,Bachelor's,4.28503768149138,No,Free or reduced,No,Pass
S341,Student_341,Male,15,12,98,74,85,81.7975370347232,Master's,1.97862021841885,Yes,Free or reduced,Yes,Pass
S342,Student_342,Female,16,10,66,52,91,92.0182401131817,PhD,2.68520352653346,No,Standard,Yes,Pass
S343,Student_343,Other,17,10,83,96,86,86.8191714287112,PhD,4.35535734706108,Yes,Free or reduced,No,Pass
S344,Student_344,Male,17,10,55,87,71,98.3453613315536,PhD,4.50848187064915,Yes,Standard,No,Fail
S345,Student_345,Male,16,10,95,66,91,88.1318107471894,High School,1.9727199210569,No,Standard,Yes,Fail
S346,Student_346,Male,17,10,55,61,61,82.8656291740528,Bachelor's,3.20228253816546,No,Free or reduced,Yes,Pass
S347,Student_347,Male,16,9,83,73,91,122,Master's,1.76997260254331,Yes,Free or reduced,Yes,Fail
S348,Student_348,Female,17,11,50,78,62,85.8670684288202,Bachelor's,1.40751505655823,No,Free or reduced,Yes,Fail
S349,Student_349,Male,15,9,59,92,60,90.5094061471179,Bachelor's,4.64448200556783,No,Standard,Yes,Fail
S350,Student_350,Other,17,10,70,74,65,93.9566557101034,PhD,4.28203001692844,Yes,Free or reduced,No,Fail
S351,Student_351,Other,15,12,54,85,57,98.0052822240414,PhD,4.0401396072127,Yes,Standard,Yes,Pass
S352,Student_352,Male,17,12,51,75,89,95.8438238960335,PhD,1.19506527525256,Yes,Standard,Yes,Pass
S353,Student_353,Other,15,10,71,87,89,93.5272213574545,High School,4.37491517084103,No,Free or reduced,Yes,Pass
S354,Student_354,Male,17,10,97,50,94,93.5926636479029,Bachelor's,2.75217630362153,No,Free or reduced,Yes,Fail
S355,Student_355,Male,15,12,51,69,51,98.9184928806417,Bachelor's,2.36958049318344,No,Free or reduced,Yes,Fail
S356,Student_356,Other,16,9,59,77,79,85.9164819499307,High School,3.18590544410151,No,Standard,No,Pass
S357,Student_357,Male,16,9,83,65,79,80.0222418839238,High School,1.36541297089422,Yes,Free or reduced,Yes,Pass
S358,Student_358,Other,15,10,65,96,61,85.439091187964,High School,4.0265861974096,No,Standard,No,Fail
S359,Student_359,Female,17,9,97,66,59,84.3578275925349,Bachelor's,3.32974030755318,Yes,Free or reduced,Yes,Pass
S360,Student_360,Male,15,12,88,89,93,93.23669170228,Bachelor's,1.74636038749267,No,Free or reduced,No,Pass
S361,Student_361,Female,17,9,71,77,60,92.6742319953106,PhD,1.75292879907618,No,Standard,No,Fail
S362,Student_362,Other,16,10,61,61,64,91.8692276540945,PhD,1.7369946062907,Yes,Standard,Yes,Fail
S363,Student_363,Female,17,12,73,76,65,80.3248688641891,Bachelor's,1.22800955020774,No,Free or reduced,Yes,Pass
S364,Student_364,Female,16,9,96,91,66,94.575561089013,PhD,3.35119379748674,No,Free or reduced,Yes,Fail
S365,Student_365,Other,17,11,89,96,75,86.4706082497098,High School,4.36139271035403,Yes,Free or reduced,Yes,Pass
S366,Student_366,Female,17,12,87,79,51,93.3011197801326,Master's,1.06999285594955,No,Free or reduced,Yes,Fail
S367,Student_367,Female,17,12,59,90,99,91.1315685700431,PhD,1.19601857988509,Yes,Free or reduced,No,Fail
S368,Student_368,Other,15,11,84,83,61,86.8546185085581,Bachelor's,3.29108110674778,Yes,Standard,Yes,Pass
S369,Student_369,Female,15,11,98,86,75,82.6915253420822,PhD,4.27798274154421,Yes,Standard,Yes,Fail
S370,Student_370,Other,16,12,81,55,72,81.8883779532096,PhD,2.30695556227453,Yes,Standard,No,Pass
S371,Student_371,Female,16,11,56,56,67,96.6303666622445,PhD,2.39845759523089,No,Standard,Yes,Fail
S372,Student_372,Other,15,10,70,81,81,98.3679508416312,Master's,3.3853859899871,No,Free or reduced,No,Pass
S373,Student_373,Other,16,10,69,81,98,92.995760935286,High School,2.09685155649659,No,Standard,Yes,Fail
S374,Student_374,Female,15,10,75,74,87,82.0686822972097,Bachelor's,1.10643346431074,Yes,Standard,No,Fail
S375,Student_375,Female,17,12,53,82,96,88.0405443377648,Master's,3.94091407240638,No,Standard,Yes,Pass
S376,Student_376,Female,16,11,95,56,52,94.5787840021032,Bachelor's,3.50259965176581,No,Free or reduced,No,Fail
S377,Student_377,Male,16,11,71,61,87,95.5964176802014,Bachelor's,3.32302399622264,No,Standard,No,Pass
S378,Student_378,Male,15,9,64,65,52,82.3643724458218,Bachelor's,3.96673651596729,No,Free or reduced,Yes,Fail
S379,Student_379,Male,16,9,89,65,79,80.0006143769076,Master's,3.70092335024815,Yes,Standard,Yes,Fail
S380,Student_380,Other,16,11,70,92,50,94.2427409176121,High School,1.82352795271328,Yes,Free or reduced,Yes,Pass
S381,Student_381,Female,17,11,64,85,79,87.1319235197241,Bachelor's,2.4099241877734,No,Standard,No,Fail
S382,Student_382,Other,16,11,71,62,94,85.0896266323652,High School,1.5044405667145,Yes,Free or reduced,No,Fail
S383,Student_383,Male,17,12,77,56,81,80.2579493957905,High School,1.51942805367152,No,Standard,No,Pass
S384,Student_384,Female,15,11,63,85,77,90.80598813523,PhD,3.70478298542616,No,Free or reduced,Yes,Fail
S385,Student_385,Other,16,9,76,96,70,97.0230147085196,Master's,4.43440042792999,No,Free or reduced,Yes,Pass
S386,Student_386,Female,17,12,90,58,95,99.1526329254518,Master's,4.85093033544456,Yes,Standard,No,Pass
S387,Student_387,Other,15,11,89,81,62,91.3148990122658,PhD,3.51338847019778,No,Free or reduced,Yes,Pass
S388,Student_388,Female,16,9,77,60,76,90.2892265547979,PhD,1.73640529344383,Yes,Free or reduced,No,Fail
S389,Student_389,Male,15,12,75,57,85,81.7011277097848,High School,1.42260138179572,Yes,Standard,Yes,Fail
S390,Student_390,Male,16,11,98,82,56,90.977456030852,Bachelor's,4.25140388614703,No,Standard,Yes,Pass
S391,Student_391,Female,15,11,51,72,71,87.5995815793079,Master's,3.31502590544,Yes,Free or reduced,No,Fail
S392,Student_392,Other,15,11,74,74,59,92.1427056176715,Bachelor's,3.47314008405488,Yes,Standard,Yes,Pass
S393,Student_393,Male,17,12,52,57,88,87.7745269575309,Bachelor's,4.12584835501884,No,Standard,Yes,Fail
S394,Student_394,Male,15,9,57,94,64,84.8059824690073,PhD,3.81310891092981,Yes,Standard,Yes,Pass
S395,Student_395,Male,16,9,93,71,64,81.8993055045675,Bachelor's,4.33783301142439,Yes,Free or reduced,Yes,Pass
S396,Student_396,Female,16,10,82,53,53,86.2983688917779,High School,1.22485562183951,No,Free or reduced,Yes,Fail
S397,Student_397,Female,17,11,91,89,81,81.932896685755,PhD,3.99008254698602,No,Free or reduced,No,Pass
S398,Student_398,Other,16,10,84,52,72,83.5379390164797,Bachelor's,4.40341102928838,Yes,Free or reduced,Yes,Pass
S399,Student_399,Other,16,10,55,78,55,99.7467231715909,PhD,2.14454016983326,No,Free or reduced,No,Fail
S400,Student_400,Other,16,9,88,90,73,88.8820711381324,High School,3.56178909597301,No,Free or reduced,Yes,Pass
S401,Student_401,Female,15,12,72,78,69,90.6374353301003,High School,2.25664825534789,Yes,Free or reduced,Yes,Pass
S402,Student_402,Female,15,12,74,83,86,97.4723705747443,Bachelor's,4.83188426592982,Yes,Standard,No,Fail
S403,Student_403,Other,16,9,99,83,69,99.9113780098138,PhD,1.13369428974202,No,Free or reduced,No,Pass
S404,Student_404,Other,17,12,92,77,61,91.6542889868936,Bachelor's,3.31917137533182,Yes,Free or reduced,Yes,Pass
S405,Student_405,Female,15,10,68,62,82,96.2494764208834,Bachelor's,1.66601418819806,No,Standard,Yes,Pass
S406,Student_406,Other,17,11,54,64,77,86.5388204867335,PhD,3.84888082070863,No,Standard,No,Pass
S407,Student_407,Male,16,9,60,72,57,86.1148791489458,Bachelor's,1.70356113367465,Yes,Standard,No,Pass
S408,Student_408,Female,16,11,61,93,50,88.0540744198912,High School,1.94153304759343,Yes,Free or reduced,No,Pass
S409,Student_409,Other,15,12,59,75,86,93.450145253473,PhD,2.97748324418303,No,Standard,No,Pass
S410,Student_410,Female,16,11,57,53,71,93.643833785102,PhD,4.65933979998751,No,Free or reduced,Yes,Pass
S411,Student_411,Male,15,12,73,75,55,86.304788692989,PhD,1.84685748859188,No,Free or reduced,Yes,Fail
S412,Student_412,Female,16,12,77,89,70,82.6641984827326,PhD,1.57696008447241,No,Free or reduced,Yes,Pass
S413,Student_413,Female,16,10,90,58,81,92.6479251293102,Bachelor's,4.03590732741612,Yes,Standard,Yes,Pass
S414,Student_414,Female,15,12,85,54,84,82.5665172437753,Bachelor's,3.00247812933572,No,Standard,Yes,Fail
S415,Student_415,Female,15,10,86,81,64,91.5698501645866,High School,4.64714044952709,Yes,Free or reduced,No,Pass
S416,Student_416,Male,15,10,70,69,54,93.8684425611262,Master's,1.58645822863937,Yes,Free or reduced,No,Pass
S417,Student_417,Female,16,10,57,99,95,94.012229927889,Master's,3.58371157209216,No,Free or reduced,No,Pass
S418,Student_418,Female,16,9,58,60,99,95.0694422131919,High School,1.93151658460726,Yes,Standard,Yes,Pass
S419,Student_419,Other,17,9,96,64,97,97.4571884313133,Master's,1.62704171460656,Yes,Free or reduced,No,Pass
S420,Student_420,Female,15,12,64,81,55,89.9991798392958,High School,3.73371766062908,No,Standard,Yes,Pass
S421,Student_421,Other,16,10,97,77,74,94.6049837905914,Bachelor's,3.37473847963493,Yes,Free or reduced,Yes,Fail
S422,Student_422,Male,16,9,95,71,95,92.3834547073167,PhD,4.01930983344933,Yes,Standard,Yes,Fail
S423,Student_423,Male,15,10,89,90,89,83.7327987959537,PhD,2.23785030578473,No,Free or reduced,No,Fail
S424,Student_424,Male,17,11,67,66,78,80.5137928973882,Bachelor's,2.79188662552876,No,Standard,Yes,Fail
S425,Student_425,Male,15,11,91,75,56,85.6908277135387,PhD,2.62188670532167,No,Standard,Yes,Fail
S426,Student_426,Other,17,11,69,93,89,88.8606741267524,PhD,4.93635785586606,No,Standard,No,Pass
S427,Student_427,Female,16,12,55,56,62,92.3421188885731,Master's,2.16899582695755,No,Standard,Yes,Pass
S428,Student_428,Male,17,10,61,91,87,96.9991866100641,Bachelor's,2.17926895338707,No,Standard,No,Pass
S429,Student_429,Female,16,11,51,75,67,83.9249143341233,Master's,2.41819283531443,No,Standard,Yes,Pass
S430,Student_430,Other,15,9,56,74,51,82.5109957979695,Master's,3.25837632516129,Yes,Free or reduced,No,Pass
S431,Student_431,Other,15,11,65,59,57,99.2695989494866,PhD,2.00929097705498,Yes,Free or reduced,Yes,Fail
S432,Student_432,Other,15,11,52,94,60,82.1608911875281,PhD,4.6611597615171,No,Free or reduced,Yes,Fail
S433,Student_433,Male,17,11,94,68,82,89.5698214021438,Bachelor's,2.06274225946505,Yes,Free or reduced,No,Pass
S434,Student_434,Female,16,12,52,60,87,91.711274575866,PhD,4.58326292624078,Yes,Standard,Yes,Pass
S435,Student_435,Female,15,9,76,62,97,90.8274884181488,PhD,1.41390025458634,No,Free or reduced,No,Pass
S436,Student_436,Female,15,10,99,57,76,81.7206431406589,Bachelor's,3.62625080959861,Yes,Standard,Yes,Fail
S437,Student_437,Other,16,9,92,89,69,127,PhD,4.62794207375297,No,Standard,No,Fail
S438,Student_438,Male,15,10,89,53,61,82.1096685492207,Master's,1.67499775359292,Yes,Standard,Yes,Pass
S439,Student_439,Other,16,12,87,96,92,91.7117536774522,Bachelor's,4.87330784039702,No,Free or reduced,Yes,Fail
S440,Student_440,Other,16,12,82,80,80,90.8868977526864,PhD,2.81153344166205,Yes,Standard,Yes,Pass
S441,Student_441,Female,16,12,77,77,76,84.6748158407349,High School,4.7828604337641,Yes,Free or reduced,No,Fail
S442,Student_442,Other,16,12,50,60,81,92.7554828369118,Bachelor's,3.70728017452019,Yes,Free or reduced,No,Fail
S443,Student_443,Female,16,10,57,92,59,96.401350041113,Bachelor's,2.20634747949421,No,Free or reduced,No,Pass
S444,Student_444,Male,17,11,86,50,52,80.8315791969319,High School,1.75321009966843,Yes,Free or reduced,No,Fail
S445,Student_445,Female,15,10,81,98,94,89.9625988709608,PhD,2.2149401849004,Yes,Free or reduced,No,Fail
S446,Student_446,Male,17,9,97,96,76,93.7862082420538,PhD,1.3720696370507,No,Standard,Yes,Pass
S447,Student_447,Female,15,12,92,87,84,85.0462385413937,Bachelor's,1.57547186537332,No,Standard,Yes,Fail
S448,Student_448,Other,17,12,86,73,80,86.155418105863,Bachelor's,1.41864176138592,Yes,Free or reduced,Yes,Pass
S449,Student_449,Other,16,9,53,96,64,92.2727580597877,PhD,2.69177417496623,Yes,Standard,Yes,Fail
S450,Student_450,Male,15,10,79,80,65,97.9587058688747,PhD,4.18231350503035,Yes,Free or reduced,Yes,Pass
S451,Student_451,Male,15,11,55,90,62,96.198488406058,Master's,1.56553421686536,Yes,Standard,No,Pass
S452,Student_452,Male,17,11,95,95,98,91.6626043819917,Bachelor's,1.52128173268934,No,Standard,Yes,Fail
S453,Student_453,Female,17,9,68,99,84,94.604434355145,Bachelor's,3.57371579806932,Yes,Standard,No,Fail
S454,Student_454,Female,15,11,81,75,60,87.296449404156,High School,1.78873192787227,Yes,Standard,Yes,Pass
S455,Student_455,Male,17,10,58,98,70,92.8193105619752,Master's,1.39044015243597,No,Standard,No,Fail
S456,Student_456,Other,17,10,61,99,60,89.3236318225511,PhD,1.66739431282231,Yes,Standard,No,Fail
S457,Student_457,Female,17,9,60,54,79,83.7987227291512,Master's,4.6949255835071,Yes,Standard,No,Fail
S458,Student_458,Female,16,10,95,69,97,94.0347654775451,PhD,4.28588501110476,Yes,Standard,Yes,Pass
S459,Student_459,Female,16,12,65,90,84,91.1292927469764,PhD,2.41625824942038,No,Standard,Yes,Pass
S460,Student_460,Male,17,9,50,60,71,87.1724316390718,Master's,3.62328306930957,No,Standard,Yes,Pass
S461,Student_461,Male,17,10,94,82,87,98.2267838015726,Bachelor's,3.14910269467215,Yes,Standard,Yes,Fail
S462,Student_462,Male,16,9,70,99,80,80.4186823565347,PhD,3.70849705393026,Yes,Standard,No,Fail
S463,Student_463,Male,16,11,79,87,63,86.3154630249899,Master's,3.73068460985104,No,Standard,No,Pass
S464,Student_464,Male,15,10,62,76,73,81.1376279555529,High School,3.51493606023997,Yes,Free or reduced,No,Pass
S465,Student_465,Other,15,12,,83,99,95.3305463244326,Master's,2.06440547414923,Yes,Standard,No,Fail
S466,Student_466,Other,16,10,53,,98,94.0421490822759,High School,1.15602568305127,No,Standard,Yes,Fail
S467,Student_467,Male,17,9,77,81,,86.6270443747263,PhD,2.82226712796044,No,Standard,No,Fail
S468,Student_468,Female,17,9,87,70,85,93.5132580441415,Master's,4.56389553876282,No,Standard,Yes,Fail
S469,Student_469,Male,17,10,80,95,81,87.918744523919,Master's,3.2779890340743,Yes,Standard,No,Pass
S470,Student_470,Other,17,12,76,54,64,95.1250758284487,High School,4.32956416680763,Yes,Standard,No,Fail
S471,Student_471,Other,15,12,54,55,92,89.0836732547341,Master's,4.96649737184491,Yes,Free or reduced,No,Fail
S472,Student_472,Female,16,12,74,87,84,88.2455945566333,Master's,1.65446481655311,Yes,Free or reduced,Yes,Pass
S473,Student_473,Other,17,9,52,71,52,98.694598309766,PhD,3.76711055656793,No,Free or reduced,Yes,Pass
S474,Student_474,Male,15,10,82,67,65,85.017581997814,Master's,3.6971742948001,Yes,Standard,No,Fail
S475,Student_475,Female,17,11,53,63,54,82.4089467999313,Bachelor's,4.91982178943311,Yes,Standard,No,Pass
S476,Student_476,Male,16,9,74,59,70,91.6908622651892,High School,4.9424029358112,No,Standard,No,Fail
S477,Student_477,Male,15,12,69,95,59,99.3864362456836,Master's,3.74671444689652,No,Free or reduced,Yes,Fail
S478,Student_478,Female,16,10,83,62,68,87.5567842745437,High School,1.97445916792878,Yes,Standard,Yes,Pass
S479,Student_479,Male,16,12,75,80,74,81.2407352725756,High School,4.1942233525224,No,Standard,Yes,Pass
S480,Student_480,Other,15,11,54,79,53,86.7861053461914,High School,1.42811653684415,No,Free or reduced,No,Fail
S481,Student_481,Male,15,12,84,52,78,90.1186330863912,Master's,4.12279721668651,Yes,Free or reduced,Yes,Pass
S482,Student_482,Female,15,12,77,79,68,83.2384601326443,Master's,4.64078449657879,Yes,Standard,No,Fail
S483,Student_483,Female,15,11,78,55,92,93.1620443611299,High School,2.53133357907374,Yes,Standard,Yes,Fail
S484,Student_484,Female,15,10,58,78,51,99.954987780204,Bachelor's,3.52254117993232,Yes,Standard,No,Fail
S485,Student_485,Male,15,9,87,57,59,89.0347895196289,High School,2.72057092838731,No,Standard,No,Pass
S486,Student_486,Female,15,10,99,93,92,87.0945711346043,Bachelor's,2.75106021995251,No,Free or reduced,Yes,Fail
S487,Student_487,Female,17,11,55,94,74,88.0140833366893,High School,2.24148355643248,Yes,Standard,No,Fail
S488,Student_488,Male,16,12,68,92,69,82.302923567904,PhD,4.0485184818013,Yes,Standard,No,Fail
S489,Student_489,Other,15,10,93,93,97,97.6654720285245,High School,4.74470625666602,No,Free or reduced,No,Pass
S490,Student_490,Male,17,9,60,82,68,88.296513110427,High School,4.76300343693784,Yes,Standard,Yes,Fail
S491,Student_491,Female,17,11,51,66,72,87.7454882284968,Master's,1.69912513949974,Yes,Standard,No,Fail
S492,Student_492,Female,17,10,96,97,73,93.1938054586095,Bachelor's,4.49897459862626,Yes,Free or reduced,Yes,Fail
S493,Student_493,Male,16,9,93,60,60,88.8406684186225,PhD,3.94972576570849,Yes,Free or reduced,Yes,Pass
S494,Student_494,Other,15,11,93,62,95,92.9646693761569,Bachelor's,2.01134960276116,No,Standard,No,Fail
S495,Student_495,Female,17,9,58,99,83,81.2289258026157,PhD,1.26913845168606,Yes,Free or reduced,Yes,Fail
S496,Student_496,Female,16,11,70,60,77,96.2744668744446,High School,2.07198906753751,No,Free or reduced,No,Pass
S497,Student_497,Female,16,12,73,80,54,98.8100790575881,Master's,4.6488329471261,Yes,Standard,Yes,Pass
S498,Student_498,Male,16,10,83,77,54,92.9753077231877,Master's,3.53271469958309,Yes,Free or reduced,No,Fail
S499,Student_499,Female,17,9,71,93,70,99.0913185771762,Bachelor's,3.88421864359149,No,Standard,Yes,Fail
S500,Student_500,Other,15,11,52,55,61,83.0286462873993,Master's,2.02860940443638,Yes,Standard,No,Fail
S501,Student_501,Female,17,9,61,90,99,89.5483237896071,Bachelor's,3.87755262229928,No,Standard,No,Pass
S502,Student_502,Female,17,9,77,65,53,92.036134678909,Bachelor's,1.1124860251117,Yes,Standard,No,Pass
S503,Student_503,Other,15,10,79,53,98,91.6347329484237,PhD,2.50128538309206,Yes,Free or reduced,No,Fail
S504,Student_504,Female,15,12,75,84,91,88.0292355817809,Bachelor's,3.50701339416932,Yes,Standard,Yes,Pass
S505,Student_505,Male,15,9,97,97,69,86.7616881873252,PhD,1.58438626216528,Yes,Standard,Yes,Fail
S506,Student_506,Male,16,11,70,75,87,82.5364804510084,Master's,4.29201429778774,Yes,Standard,No,Fail
S507,Student_507,Male,15,11,77,61,74,87.8348490112456,Bachelor's,1.94012519524767,No,Standard,Yes,Pass
S508,Student_508,Other,17,12,75,60,63,83.2532163021097,Bachelor's,3.60912445127378,No,Free or reduced,No,Fail
S509,Student_509,Female,15,11,82,86,60,94.6873135298444,High School,2.62078857030132,Yes,Free or reduced,No,Pass
S510,Student_510,Male,17,12,70,74,81,84.1766187098918,Bachelor's,3.38417438191059,Yes,Free or reduced,Yes,Pass
S511,Student_511,Other,16,11,84,67,60,81.1713061056907,Bachelor's,1.42980221051563,No,Standard,Yes,Fail
S512,Student_512,Female,17,10,83,68,67,91.0473227563447,High School,1.06765119968643,No,Free or reduced,No,Pass
S513,Student_513,Other,17,9,90,72,76,91.904594654388,High School,4.63825770952121,Yes,Free or reduced,Yes,Fail
S514,Student_514,Male,15,10,96,87,67,97.4382612256101,Master's,2.07852003506873,Yes,Standard,No,Pass
S515,Student_515,Male,15,9,67,67,72,91.5396322483536,Bachelor's,4.27870801112184,No,Free or reduced,Yes,Fail
S516,Student_516,Male,17,9,60,75,60,86.9096170744689,Master's,4.9974012018888,Yes,Standard,Yes,Fail
S517,Student_517,Other,15,9,72,55,70,96.0602376305264,Master's,1.84572503199564,No,Free or reduced,Yes,Fail
S518,Student_518,Other,16,10,97,53,93,90.8055778637484,High School,2.06068296473342,Yes,Free or reduced,Yes,Pass
S519,Student_519,Male,16,9,71,93,54,81.5856056926238,PhD,3.65143915053866,No,Free or reduced,Yes,Fail
S520,Student_520,Other,15,10,66,78,72,91.3170112062649,Master's,4.86179453840249,No,Free or reduced,No,Pass
S521,Student_521,Male,16,12,54,83,90,98.1603709084333,PhD,4.66325739276298,Yes,Standard,Yes,Pass
S522,Student_522,Male,15,11,93,66,74,87.9262525099644,Bachelor's,3.01150208026234,No,Standard,Yes,Pass
S523,Student_523,Female,17,11,60,92,90,85.926516037996,High School,4.1804411301069,Yes,Free or reduced,No,Pass
S524,Student_524,Other,17,9,79,92,59,82.8693891403604,Bachelor's,1.5429834123996,Yes,Standard,No,Pass
S525,Student_525,Male,16,10,64,65,71,83.0289104387071,Bachelor's,4.90975273681605,Yes,Free or reduced,No,Fail
S526,Student_526,Male,15,11,76,51,68,88.6554296868364,High School,4.85741293614395,Yes,Free or reduced,Yes,Pass
S527,Student_527,Other,15,10,84,83,50,91.9135964832306,Bachelor's,1.65491583151668,No,Free or reduced,Yes,Fail
S528,Student_528,Female,16,10,82,57,56,81.612308103392,High School,2.19769249921243,Yes,Free or reduced,No,Fail
S529,Student_529,Female,17,9,69,62,53,98.7913717805033,PhD,1.40061999002707,Yes,Free or reduced,No,Pass
S530,Student_530,Male,16,11,65,91,50,95.1026723489039,Bachelor's,2.08687039559272,Yes,Free or reduced,No,Fail
S531,Student_531,Other,17,9,83,57,64,91.7324783656733,High School,4.26382315766083,Yes,Standard,No,Fail
S532,Student_532,Female,15,9,51,79,89,96.5687734187798,Master's,2.51326242866104,No,Standard,Yes,Pass
S533,Student_533,Other,17,11,84,81,61,81.6037351362423,Bachelor's,1.35358786858703,Yes,Free or reduced,Yes,Fail
S534,Student_534,Other,16,11,89,85,71,89.5367775546625,PhD,2.36890209911562,No,Standard,Yes,Pass
S535,Student_535,Male,15,12,77,96,71,92.6018625372333,High School,4.92553333696512,No,Free or reduced,Yes,Pass
S536,Student_536,Female,16,12,96,79,99,96.5730581223658,Bachelor's,3.51873438103681,No,Standard,Yes,Pass
S537,Student_537,Male,16,10,88,50,96,95.6693912009854,Bachelor's,2.66464378562463,Yes,Standard,No,Fail
S538,Student_538,Female,17,11,55,92,66,85.541384994268,Bachelor's,1.66615405398908,Yes,Standard,Yes,Fail
S539,Student_539,Female,16,12,58,88,78,98.8176033911841,PhD,4.94470718913478,Yes,Free or reduced,No,Fail
S540,Student_540,Female,17,10,69,66,95,82.4869168286174,High School,4.28339603705252,Yes,Standard,No,Fail
S541,Student_541,Female,15,10,50,69,63,97.502672372423,Master's,2.12590920980368,No,Free or reduced,No,Pass
S542,Student_542,Female,17,10,57,73,99,99.4188049920924,Master's,1.28027478288476,No,Free or reduced,Yes,Pass
S543,Student_543,Other,15,12,72,99,69,83.5430704644525,Master's,1.22650222951023,Yes,Free or reduced,No,Fail
S544,Student_544,Male,17,11,52,71,99,120,High School,1.48151259802214,Yes,Standard,Yes,Pass
S545,Student_545,Other,16,9,53,78,97,80.80571037556,Master's,3.32307433445769,Yes,Standard,No,Fail
S546,Student_546,Female,17,10,74,71,82,88.1084565027831,PhD,4.71505368482197,Yes,Standard,Yes,Pass
S547,Student_547,Male,17,12,96,93,92,90.3256659839535,High School,2.98697371202394,Yes,Free or reduced,No,Pass
S548,Student_548,Female,15,12,87,58,64,91.6129045181927,Bachelor's,4.37178192982479,Yes,Free or reduced,Yes,Pass
S549,Student_549,Male,16,9,64,86,61,98.7187449649712,PhD,2.78354647943923,Yes,Standard,No,Pass
S550,Student_550,Other,17,9,70,59,89,93.4450137458839,Bachelor's,3.8343341830713,No,Free or reduced,No,Pass
S551,Student_551,Male,16,12,84,85,69,89.6255590243847,Master's,3.927490949146,No,Standard,No,Fail
S552,Student_552,Male,17,11,95,86,79,96.1935007253178,PhD,1.69585482361335,No,Standard,No,Fail
S553,Student_553,Male,17,9,63,77,87,99.0106564190882,High School,2.44486423590325,No,Standard,Yes,Pass
S554,Student_554,Male,16,12,85,77,52,80.4413229736458,PhD,3.5492086261521,Yes,Standard,Yes,Fail
S555,Student_555,Male,17,9,61,91,77,99.6504254451208,Bachelor's,1.28278643273746,Yes,Free or reduced,Yes,Pass
S556,Student_556,Female,16,11,66,92,75,81.7226427812736,High School,2.44616075105183,Yes,Standard,No,Pass
S557,Student_557,Male,17,10,88,70,79,96.2877355853752,PhD,3.13919786512477,Yes,Standard,No,Pass
S558,Student_558,Male,15,9,58,73,62,85.6066950510283,PhD,4.98489797217856,Yes,Standard,No,Pass
S559,Student_559,Other,16,11,84,91,62,82.6435931550774,PhD,2.89813425048976,No,Standard,No,Fail
S560,Student_560,Male,17,12,62,89,51,88.7971127942767,PhD,4.26422702845729,Yes,Standard,No,Pass
S561,Student_561,Other,17,9,64,51,86,92.8791315889523,High School,2.72826914026647,No,Standard,No,Fail
S562,Student_562,Female,15,9,67,57,98,87.6190369004695,Bachelor's,4.18556289047884,Yes,Standard,Yes,Pass
S563,Student_563,Male,16,12,82,97,87,81.091308165654,PhD,3.38165920648043,No,Free or reduced,Yes,Pass
S564,Student_564,Other,17,10,55,76,51,91.9892227931743,High School,4.54638176600959,Yes,Free or reduced,Yes,Fail
S565,Student_565,Other,15,12,76,71,85,98.0480655222135,Bachelor's,2.64377020940044,No,Free or reduced,Yes,Pass
S566,Student_566,Female,17,9,72,86,75,87.664307318945,PhD,3.41721767928592,Yes,Free or reduced,Yes,Pass
S567,Student_567,Male,16,12,76,76,60,84.3266555526165,Bachelor's,3.52007472247531,Yes,Standard,Yes,Fail
S568,Student_568,Male,17,11,83,78,57,88.8515469186563,Bachelor's,2.66953176720189,Yes,Free or reduced,Yes,Fail
S569,Student_569,Other,17,12,95,52,93,80.9672542209756,High School,1.57724817474993,Yes,Free or reduced,Yes,Fail
S570,Student_570,Male,17,9,87,93,89,96.4097516896055,Bachelor's,1.37423762764934,No,Free or reduced,No,Pass
S571,Student_571,Other,17,12,63,62,92,96.5268162190037,High School,1.06668620239853,Yes,Standard,No,Pass
S572,Student_572,Male,15,10,85,94,71,91.7600092685926,PhD,4.49413705698086,No,Free or reduced,No,Fail
S573,Student_573,Other,15,12,57,59,69,87.0620577787678,Bachelor's,1.94589964895478,Yes,Free or reduced,No,Fail
S574,Student_574,Male,16,10,84,85,57,95.9956672889157,Bachelor's,1.84602699712707,No,Standard,No,Pass
S575,Student_575,Female,15,11,68,58,78,91.0937404957673,Master's,3.94414160170426,Yes,Free or reduced,No,Pass
S576,Student_576,Male,15,10,79,76,89,96.5186461710003,PhD,2.28006445234957,Yes,Standard,No,Fail
S577,Student_577,Male,16,12,63,83,75,92.6291758516604,PhD,3.02417876964735,No,Free or reduced,Yes,Fail
S578,Student_578,Female,15,9,69,50,79,95.688109464256,Master's,1.65004426118983,Yes,Standard,Yes,Fail
S579,Student_579,Male,15,10,98,81,66,91.9712598643552,Master's,4.83898288584788,Yes,Free or reduced,No,Fail
S580,Student_580,Female,16,11,74,74,69,88.2828213643133,High School,4.40632560006895,No,Free or reduced,Yes,Pass
S581,Student_581,Male,16,10,89,78,65,99.1589171985227,High School,4.45515849186001,Yes,Free or reduced,Yes,Pass
S582,Student_582,Other,16,10,73,56,95,90.8222764975769,Bachelor's,2.62709499428802,No,Standard,Yes,Pass
S583,Student_583,Other,17,10,63,98,92,92.1017903708108,Bachelor's,4.04944485482869,Yes,Free or reduced,Yes,Pass
S584,Student_584,Male,17,11,75,52,56,84.409752788295,Bachelor's,1.57550462155912,No,Standard,Yes,Fail
S585,Student_585,Male,16,12,87,69,65,92.5130157885455,Bachelor's,1.03447601036712,No,Standard,No,Pass
S586,Student_586,Male,16,10,72,69,94,91.4321529896589,High School,1.07989173031211,No,Standard,Yes,Fail
S587,Student_587,Other,16,10,71,79,96,83.6967679589405,PhD,3.34640694961824,No,Standard,No,Pass
S588,Student_588,Male,17,9,97,84,97,81.1917419470629,Bachelor's,2.82157962099176,Yes,Free or reduced,No,Pass
S589,Student_589,Other,17,11,68,84,76,92.0871863942954,PhD,3.07206139563408,Yes,Free or reduced,No,Pass
S590,Student_590,Female,15,10,95,98,72,95.2738453870064,Bachelor's,1.02985256166888,No,Free or reduced,Yes,Fail
S591,Student_591,Other,15,11,52,88,73,90.4680274184402,Master's,2.6907464786297,Yes,Standard,No,Pass
S592,Student_592,Other,16,10,91,76,58,123,Bachelor's,3.87227264480344,Yes,Free or reduced,No,Fail
S593,Student_593,Female,17,12,68,75,84,93.3304395338607,Bachelor's,2.77077480786974,Yes,Standard,No,Fail
S594,Student_594,Other,17,12,58,63,69,81.6021145321921,Bachelor's,3.92887682524889,No,Standard,No,Pass
S595,Student_595,Male,17,10,77,66,86,88.8366740960391,High School,1.93207585758734,Yes,Standard,Yes,Fail
S596,Student_596,Male,16,12,69,67,91,83.2673351679684,Master's,4.2525680179269,Yes,Free or reduced,No,Pass
S597,Student_597,Other,15,10,94,94,66,83.6891810211977,Bachelor's,3.35372496181381,No,Free or reduced,No,Fail
S598,Student_598,Male,16,12,56,78,96,84.0458789831641,Bachelor's,1.84305239771962,Yes,Standard,No,Pass
S599,Student_599,Other,15,9,63,69,80,87.7341411408796,PhD,1.94688190341533,No,Free or reduced,No,Fail
S600,Student_600,Male,15,9,58,76,57,81.0230041124079,Master's,3.51212185827815,No,Free or reduced,Yes,Fail
S601,Student_601,Male,16,9,68,67,64,87.955868818582,Bachelor's,4.31975837284977,No,Standard,No,Pass
S602,Student_602,Other,15,11,96,53,80,90.234148942294,PhD,2.66251112811662,Yes,Standard,No,Pass
S603,Student_603,Male,15,11,63,50,79,89.6658856993265,PhD,2.03320171651037,Yes,Free or reduced,No,Pass
S604,Student_604,Other,17,9,87,99,95,87.6556820080608,High School,4.4680464276424,No,Standard,No,Pass
S605,Student_605,Male,15,11,85,50,69,96.7829321614151,PhD,3.67707316700334,No,Standard,No,Fail
S606,Student_606,Male,16,12,89,75,88,82.9065338484101,Bachelor's,2.79234194913231,No,Free or reduced,No,Fail
S607,Student_607,Female,16,10,66,94,61,90.1139348756275,High School,2.95160078111721,No,Free or reduced,Yes,Fail
S608,Student_608,Female,15,10,79,69,98,81.2408283391311,High School,1.81702587174559,No,Standard,No,Fail
S609,Student_609,Other,17,10,58,72,66,81.4231135775582,Bachelor's,3.50721052025938,No,Free or reduced,Yes,Pass
S610,Student_610,Female,17,9,82,59,91,91.4773169935419,Master's,2.43497004217155,Yes,Standard,Yes,Fail
S611,Student_611,Other,15,11,74,60,79,91.3203684977564,PhD,4.9825807066974,No,Standard,No,Pass
S612,Student_612,Female,15,12,63,90,78,97.5606702568891,High School,2.92073406104755,No,Free or reduced,Yes,Fail
S613,Student_613,Male,16,12,60,90,68,91.1574735132015,Master's,2.94354242475845,No,Standard,No,Pass
S614,Student_614,Other,15,9,84,54,95,99.195820408097,Bachelor's,3.26340714964269,Yes,Standard,Yes,Pass
S615,Student_615,Other,17,12,90,50,60,80.9738969679986,PhD,4.66702401247499,Yes,Standard,No,Pass
S616,Student_616,Male,15,12,63,66,83,81.9601536956148,PhD,4.203272399439,Yes,Free or reduced,Yes,Pass
S617,Student_617,Other,16,12,79,71,99,80.8813172314076,High School,2.80452027919137,Yes,Free or reduced,Yes,Pass
S618,Student_618,Other,16,12,90,83,56,83.7055370066708,PhD,3.87479706389118,No,Free or reduced,No,Fail
S619,Student_619,Female,16,11,53,94,93,90.8254022188336,PhD,3.34494199512305,Yes,Standard,Yes,Pass
S620,Student_620,Other,16,12,53,90,83,92.9114436285486,PhD,2.969468194805,No,Standard,Yes,Fail
S621,Student_621,Male,16,10,112,78,69,80.9117031589734,PhD,1.7692630911374,No,Free or reduced,Yes,Fail
S622,Student_622,Female,15,9,57,53,99,130,Bachelor's,2.85574505381956,No,Free or reduced,Yes,Pass
S623,Student_623,Female,15,11,51,54,87,96.8433075330076,Master's,1.9832743480903,No,Free or reduced,Yes,Fail
S624,Student_624,Male,15,12,90,60,73,85.9322496431419,Bachelor's,4.65936859940662,No,Standard,No,Fail
S625,Student_625,Male,15,11,95,70,59,81.5437506045294,Bachelor's,2.34162725398539,No,Free or reduced,Yes,Fail
S626,Student_626,Female,16,12,71,84,81,83.3977414643811,High School,4.80905605813349,Yes,Standard,Yes,Pass
S627,Student_627,Other,17,10,90,61,64,82.5388882750995,PhD,3.13222116037884,Yes,Free or reduced,No,Pass
S628,Student_628,Female,15,9,65,75,86,82.4656755859789,Bachelor's,3.52617751470464,Yes,Standard,No,Pass
S629,Student_629,Male,17,12,78,68,69,90.3712337733147,PhD,3.17176177795731,Yes,Standard,No,Pass
S630,Student_630,Female,15,12,98,94,52,84.916948849868,Bachelor's,1.5175224678668,Yes,Free or reduced,Yes,Fail
S631,Student_631,Male,15,12,97,56,86,87.1627943305829,Bachelor's,2.50328487603176,No,Standard,Yes,Fail
S632,Student_632,Female,17,12,79,96,89,99.7901066676864,High School,1.3965844491105,Yes,Free or reduced,Yes,Fail
S633,Student_633,Other,16,9,61,56,57,93.6862849785069,Master's,3.49181617673353,Yes,Standard,Yes,Fail
S634,Student_634,Female,15,9,84,75,89,98.97961334094,Master's,2.78749678080176,Yes,Standard,No,Fail
S635,Student_635,Female,15,10,60,89,93,82.8511311006623,Bachelor's,4.11193988628375,No,Free or reduced,No,Fail
S636,Student_636,Male,15,9,95,54,72,87.6427894966514,High School,1.88188192399748,No,Standard,Yes,Pass
S637,Student_637,Male,17,12,99,70,89,91.0946360656471,PhD,1.65826423371734,No,Free or reduced,Yes,Fail
S638,Student_638,Male,16,10,70,63,60,81.5351612377748,PhD,2.62532892385507,Yes,Free or reduced,Yes,Fail
S639,Student_639,Female,17,10,70,53,95,80.0837488725592,Bachelor's,4.70634153287353,Yes,Free or reduced,Yes,Fail
S640,Student_640,Other,17,10,54,72,57,93.4086866759384,Master's,3.84168726004965,Yes,Standard,No,Pass
S641,Student_641,Male,16,12,97,91,78,92.8363903360287,High School,2.67569449917167,Yes,Standard,No,Fail
S642,Student_642,Male,17,11,69,69,79,88.2157761999922,Master's,3.06908867901724,Yes,Standard,Yes,Fail
S643,Student_643,Female,16,12,86,64,59,89.7928815206407,PhD,1.33685204470839,No,Free or reduced,No,Pass
S644,Student_644,Male,15,9,52,99,88,88.3088600118418,Master's,4.93830358550445,Yes,Free or reduced,Yes,Fail
S645,Student_645,Other,16,9,93,94,77,80.4801008968978,PhD,3.66562921877968,No,Standard,Yes,Pass
S646,Student_646,Other,15,12,82,78,98,86.7074321243492,High School,2.14161627385369,Yes,Standard,No,Pass
S647,Student_647,Male,17,12,58,57,85,83.5416451079458,High School,3.34323357686098,No,Free or reduced,Yes,Fail
S648,Student_648,Male,17,10,58,90,62,81.9684837820274,Bachelor's,1.43792946427598,No,Standard,No,Fail
S649,Student_649,Female,15,12,53,97,81,99.134408677787,Bachelor's,4.86334667523033,No,Free or reduced,Yes,Pass
S650,Student_650,Other,17,10,84,68,85,91.9871945008433,Master's,1.69913995153346,No,Standard,No,Fail
S651,Student_651,Other,16,9,66,97,86,94.573125684732,High School,3.59212127222086,Yes,Free or reduced,Yes,Fail
S652,Student_652,Male,15,10,83,88,75,86.3072748653224,High School,1.98181785015572,Yes,Standard,No,Pass
S653,Student_653,Female,17,12,73,95,71,87.8629425898803,Bachelor's,3.87024553059414,Yes,Standard,Yes,Pass
S654,Student_654,Other,15,9,81,77,53,84.7384798779345,PhD,4.10728546896112,No,Free or reduced,Yes,Fail
S655,Student_655,Other,16,11,50,95,80,81.9393134193085,Master's,3.69367891564573,Yes,Free or reduced,No,Pass
S656,Student_656,Female,16,10,57,76,67,83.5806327488317,Master's,3.45799784102077,Yes,Free or reduced,Yes,Fail
S657,Student_657,Female,17,9,94,53,87,95.9502809059297,Bachelor's,4.56987637580805,Yes,Standard,No,Fail
S658,Student_658,Other,16,10,72,64,73,93.5509161036755,High School,1.31450684395903,Yes,Free or reduced,No,Fail
S659,Student_659,Other,15,9,96,84,72,90.9385775197096,Bachelor's,2.32365906312078,No,Free or reduced,Yes,Fail
S660,Student_660,Female,16,9,89,86,71,89.5017974573354,Bachelor's,1.99314991852338,No,Standard,Yes,Pass
S661,Student_661,Other,15,10,61,50,51,98.4486856731225,Bachelor's,4.95205584826169,Yes,Free or reduced,Yes,Fail
S662,Student_662,Male,15,11,61,52,80,81.4546989555734,Bachelor's,2.55755911866749,Yes,Free or reduced,Yes,Pass
S663,Student_663,Male,16,9,95,96,60,85.6120162647583,PhD,3.93045079696159,Yes,Free or reduced,No,Fail
S664,Student_664,Female,17,9,96,73,77,86.9987570714143,PhD,3.73890065552402,No,Standard,Yes,Fail
S665,Student_665,Female,16,9,64,76,95,95.6485162442558,High School,1.84832494990951,No,Standard,Yes,Pass
S666,Student_666,Female,15,11,90,89,81,99.8502924032394,Bachelor's,1.95599072084621,No,Standard,Yes,Fail
S667,Student_667,Male,15,11,68,85,54,84.8134102951431,PhD,2.12513825421214,Yes,Free or reduced,No,Pass
S668,Student_668,Other,16,12,75,83,87,97.4861466827416,High School,2.64450911303752,No,Standard,Yes,Pass
S669,Student_669,Male,17,10,78,78,59,96.6124552086358,Bachelor's,1.93730026260211,No,Free or reduced,No,Fail
S670,Student_670,Other,17,11,71,73,89,84.4931479528353,Master's,1.07860593098739,No,Free or reduced,Yes,Fail
S671,Student_671,Male,15,10,89,73,95,87.9866516039845,PhD,4.51757222722878,No,Free or reduced,No,Fail
S672,Student_672,Other,15,12,70,91,73,88.1934573858504,High School,4.86243932552354,No,Standard,Yes,Fail
S673,Student_673,Male,17,10,87,53,84,200,Master's,2.36628154812627,Yes,Standard,Yes,Pass
S674,Student_674,Female,16,11,69,52,93,83.617838027578,Bachelor's,2.35402751770189,Yes,Free or reduced,No,Fail
S675,Student_675,Male,15,10,78,83,97,95.9831594220956,Bachelor's,1.02836725109748,Yes,Free or reduced,Yes,Fail
S676,Student_676,Other,15,11,53,98,72,86.6838542834622,Bachelor's,3.7210027533215,Yes,Standard,Yes,Fail
S677,Student_677,Male,17,10,56,72,66,94.6174069155232,PhD,4.30175958299452,No,Standard,Yes,Fail
S678,Student_678,Male,16,11,77,72,50,88.4002200859133,High School,1.58643320144001,Yes,Standard,No,Fail
S679,Student_679,Male,17,11,77,94,80,91.5671952623308,Master's,1.6386653974686,Yes,Free or reduced,Yes,Pass
S680,Student_680,Female,16,10,53,54,80,96.6522354665226,High School,4.16033299988575,Yes,Standard,No,Fail
S681,Student_681,Male,16,12,71,80,91,96.0833112996777,PhD,3.46516299341658,No,Standard,No,Pass
S682,Student_682,Female,16,9,61,90,91,97.328463670794,High School,1.17944223051087,Yes,Standard,No,Fail
S683,Student_683,Female,15,12,94,55,83,81.1923465068932,PhD,3.49018796184913,No,Free or reduced,Yes,Fail
S684,Student_684,Male,17,10,52,86,58,93.8410110607949,Bachelor's,2.23567089137506,No,Standard,No,Fail
S685,Student_685,Male,17,12,71,59,71,82.7997475344353,Master's,2.47490062188338,No,Free or reduced,No,Pass
S686,Student_686,Male,16,11,93,89,62,88.3163713603682,Bachelor's,4.07892567318752,Yes,Free or reduced,Yes,Fail
S687,Student_687,Other,15,9,51,56,74,90.9717683010938,High School,4.24374077069044,No,Free or reduced,No,Pass
S688,Student_688,Male,15,10,73,88,97,88.0547896949366,Bachelor's,2.60142650735932,Yes,Standard,No,Pass
S689,Student_689,Female,17,10,83,87,67,90.3922335160602,Master's,4.78861174402542,Yes,Standard,Yes,Fail
S690,Student_690,Male,15,10,76,70,61,99.9305261759724,Bachelor's,2.62585087180829,Yes,Standard,Yes,Pass
S691,Student_691,Other,15,9,90,69,89,82.7043462742571,Master's,4.08734414092044,No,Free or reduced,No,Fail
S692,Student_692,Male,16,11,50,52,66,93.5091209067285,Master's,2.93550905825704,No,Standard,Yes,Fail
S693,Student_693,Other,15,10,57,71,64,87.9200193277123,Bachelor's,4.59012930608834,Yes,Free or reduced,Yes,Pass
S694,Student_694,Other,16,12,72,96,91,82.6601959781466,PhD,4.63104497460071,No,Standard,Yes,Fail
S695,Student_695,Male,17,10,87,53,64,83.1747352674862,High School,1.34966723148434,No,Standard,No,Fail
S696,Student_696,Female,15,10,55,77,64,98.9854621249124,PhD,4.7459733252409,No,Standard,No,Pass
S697,Student_697,Other,17,10,71,61,88,97.5920299342353,PhD,4.30213936608166,Yes,Standard,Yes,Pass
S698,Student_698,Male,17,10,74,87,62,98.1408392083004,Bachelor's,4.16524285725067,No,Free or reduced,No,Pass
S699,Student_699,Male,15,11,67,85,66,99.8306555165477,High School,1.80364535874209,No,Free or reduced,Yes,Pass
S700,Student_700,Female,15,12,66,96,81,84.1663078001704,High School,4.22047683501866,Yes,Free or reduced,Yes,Pass
S701,Student_701,Other,17,11,61,90,58,87.1087867472812,PhD,4.40053093874015,No,Free or reduced,Yes,Pass
S702,Student_702,Other,15,12,55,54,89,93.3843805984973,Bachelor's,2.1566013378166,Yes,Standard,Yes,Fail
S703,Student_703,Male,16,10,75,62,69,89.676050797213,High School,4.80904031344929,No,Free or reduced,Yes,Pass
S704,Student_704,Male,16,9,76,72,75,88.3677906675667,PhD,1.19944058559666,No,Free or reduced,No,Pass
S705,Student_705,Female,15,11,57,99,76,87.1562249867119,High School,1.59963701298856,No,Free or reduced,No,Fail
S706,Student_706,Female,17,9,68,79,70,91.875612638869,Bachelor's,3.15032455220606,No,Standard,No,Fail
S707,Student_707,Other,15,11,91,86,67,91.5118685728016,Bachelor's,3.30316988448924,No,Free or reduced,No,Pass
S708,Student_708,Other,15,10,50,74,62,83.2291566812848,Bachelor's,3.58060033320361,No,Free or reduced,Yes,Pass
S709,Student_709,Male,17,11,78,97,65,89.4347967503688,High School,1.06787651726187,Yes,Standard,Yes,Fail
S710,Student_710,Other,17,10,107,76,58,91.069435524197,Master's,4.84146709848852,No,Standard,No,Pass
S711,Student_711,Female,16,11,98,63,61,91.4057387746278,High School,1.17835237093658,No,Free or reduced,No,Pass
S712,Student_712,Female,17,10,84,97,93,84.202143858247,Master's,1.57224781089361,No,Free or reduced,Yes,Fail
S713,Student_713,Male,16,10,89,96,87,94.8454278450457,Bachelor's,1.05605807010423,Yes,Standard,Yes,Pass
S714,Student_714,Female,17,12,63,85,68,80.5039818964214,PhD,3.26743373317638,Yes,Free or reduced,Yes,Fail
S715,Student_715,Female,15,10,84,88,56,87.0966371108633,Master's,4.72906753568389,Yes,Standard,No,Pass
S716,Student_716,Female,16,12,97,65,84,95.6042529707127,Bachelor's,3.66378866432186,No,Free or reduced,Yes,Fail
S717,Student_717,Female,16,10,94,71,97,91.2778584211081,Bachelor's,4.29062987392171,No,Free or reduced,Yes,Fail
S718,Student_718,Male,16,9,69,70,67,85.2232486502172,Master's,1.05312481383432,Yes,Free or reduced,No,Fail
S719,Student_719,Male,15,10,98,70,65,93.899062386861,PhD,3.1680611939189,Yes,Free or reduced,No,Pass
S720,Student_720,Other,15,9,62,57,88,91.3478188831215,Bachelor's,2.83825191002209,Yes,Free or reduced,No,Fail
S721,Student_721,Female,15,9,87,98,53,95.9248721891277,Master's,2.99587177688317,No,Standard,Yes,Pass
S722,Student_722,Other,15,10,98,65,74,94.7005037237965,PhD,1.28885274134075,Yes,Standard,Yes,Fail
S723,Student_723,Male,15,9,95,80,81,92.2021584407247,PhD,3.73774144427723,No,Free or reduced,No,Fail
S724,Student_724,Male,16,12,98,91,89,89.7635535062163,Bachelor's,3.01288165943454,No,Free or reduced,Yes,Fail
S725,Student_725,Male,15,11,57,59,62,82.6636425133505,High School,4.06059539944506,No,Free or reduced,Yes,Pass
S726,Student_726,Male,16,10,92,81,94,85.2266603577077,High School,2.94116253624686,Yes,Standard,Yes,Pass
S727,Student_727,Male,15,9,69,83,66,88.3819894583417,Bachelor's,1.59752654490573,No,Standard,No,Fail
S728,Student_728,Male,17,10,82,58,98,120,PhD,3.59302781631129,Yes,Standard,No,Pass
S729,Student_729,Male,16,12,75,66,86,90.2741571043061,Bachelor's,1.68954544842067,Yes,Standard,Yes,Pass
S730,Student_730,Female,17,10,88,60,55,85.7636905191906,Master's,4.48957825341926,Yes,Standard,Yes,Pass
S731,Student_731,Other,16,10,70,81,68,80.1292871557942,High School,3.45246495627697,Yes,Standard,Yes,Fail
S732,Student_732,Male,17,9,98,59,62,89.9247844380163,Master's,1.62881553422782,No,Standard,Yes,Pass
S733,Student_733,Female,15,12,91,71,75,85.7125197712449,Bachelor's,4.84935222992483,No,Standard,No,Fail
S734,Student_734,Female,15,11,92,66,63,94.6921660142107,Bachelor's,3.07346185334128,No,Free or reduced,No,Fail
S735,Student_735,Other,15,11,90,53,80,80.4789253054097,PhD,1.29159380748662,No,Standard,Yes,Fail
S736,Student_736,Male,16,9,58,97,53,91.6965562261158,PhD,3.50733161766027,Yes,Standard,Yes,Pass
S737,Student_737,Other,17,10,73,96,88,98.8294847501213,PhD,2.01279562805124,Yes,Standard,No,Fail
S738,Student_738,Male,15,9,86,74,57,83.48818534223,Master's,4.21477380750921,Yes,Standard,Yes,Pass
S739,Student_739,Female,17,9,98,70,74,89.4329898150119,PhD,4.27128829426476,Yes,Free or reduced,No,Pass
S740,Student_740,Female,17,9,90,86,62,81.8284398363428,Bachelor's,4.91578942341865,No,Standard,Yes,Fail
S741,Student_741,Female,15,10,66,87,81,92.5136382452271,PhD,3.00747812409801,Yes,Free or reduced,No,Fail
S742,Student_742,Female,15,12,73,98,87,91.0106336119245,High School,2.81982751891095,No,Free or reduced,Yes,Fail
S743,Student_743,Other,17,9,70,50,87,88.1473104842567,PhD,4.01390242178592,Yes,Free or reduced,Yes,Pass
S744,Student_744,Male,15,10,88,74,77,90.4275404294748,Master's,1.52988262536771,Yes,Standard,No,Pass
S745,Student_745,Male,15,12,90,85,79,97.9314931693802,High School,3.1876620551725,Yes,Standard,No,Fail
S746,Student_746,Other,15,9,88,66,52,83.9258860462213,High School,3.1849904005234,Yes,Standard,Yes,Fail
S747,Student_747,Male,16,11,62,90,77,80.451290234107,High School,1.35789249124155,No,Free or reduced,Yes,Pass
S748,Student_748,Female,17,12,60,73,52,97.233297693982,Master's,2.67193634202765,No,Free or reduced,No,Pass
S749,Student_749,Male,17,9,95,51,94,91.5423416477581,Bachelor's,4.41313919426881,No,Free or reduced,No,Fail
S750,Student_750,Female,16,12,68,89,83,97.8131691092369,PhD,4.42461448797864,No,Free or reduced,Yes,Pass
S751,Student_751,Other,17,12,60,64,65,91.9389044682634,High School,1.39695065967872,Yes,Standard,Yes,Pass
S752,Student_752,Male,15,12,62,81,71,96.2032217991941,High School,1.36288353099132,Yes,Standard,No,Pass
S753,Student_753,Other,17,12,95,88,81,88.593467267103,High School,2.05078190800774,No,Standard,No,Pass
S754,Student_754,Male,15,12,94,55,87,94.9971986257654,Bachelor's,4.49906425021597,No,Free or reduced,No,Pass
S755,Student_755,Female,16,12,50,50,57,98.2608293377971,Bachelor's,1.515610340294,Yes,Free or reduced,No,Pass
S756,Student_756,Other,15,9,89,96,57,91.4424592744441,Master's,3.87998721050978,Yes,Standard,No,Fail
S757,Student_757,Male,17,11,93,72,55,83.6157030112476,Bachelor's,1.40466247845241,No,Standard,Yes,Pass
S758,Student_758,Female,17,10,68,88,63,85.375952300604,PhD,3.4925514149913,No,Free or reduced,Yes,Fail
S759,Student_759,Other,17,12,61,66,81,83.9728915379481,Master's,2.42426919647658,No,Standard,No,Fail
S760,Student_760,Other,16,10,57,83,84,84.9371405519146,Master's,4.15565585186347,Yes,Standard,Yes,Pass
S761,Student_761,Male,16,9,57,90,59,86.1283089870207,PhD,1.93476179530145,No,Free or reduced,Yes,Fail
S762,Student_762,Male,17,12,94,78,52,91.1026757350638,PhD,3.55680731755984,No,Free or reduced,No,Fail
S763,Student_763,Male,15,11,61,58,61,91.7598325892767,PhD,1.94273013830354,No,Free or reduced,Yes,Fail
S764,Student_764,Female,16,10,97,62,98,88.5299949448372,Master's,3.85464113244862,No,Standard,Yes,Pass
S765,Student_765,Male,17,12,82,55,80,92.3084155964167,Master's,4.494712138243,No,Free or reduced,Yes,Fail
S766,Student_766,Other,17,9,94,55,78,81.6314985122273,Master's,1.50720719650704,Yes,Standard,No,Pass
S767,Student_767,Other,16,11,75,69,54,81.7557647411632,PhD,4.46638275438201,No,Standard,No,Fail
S768,Student_768,Male,16,10,88,52,74,83.4365892071532,PhD,3.37430101765719,Yes,Free or reduced,Yes,Fail
S769,Student_769,Male,16,10,77,66,90,90.3615499608069,High School,1.5084419634681,No,Standard,Yes,Fail
S770,Student_770,Other,15,12,54,98,80,84.2798935739663,Bachelor's,2.71016742143885,No,Free or reduced,Yes,Fail
S771,Student_771,Female,15,11,57,61,70,85.6656880698515,High School,1.64344117394039,No,Free or reduced,Yes,Pass
S772,Student_772,Male,17,11,74,97,69,88.0062567234599,PhD,3.80139155546628,Yes,Standard,Yes,Fail
S773,Student_773,Male,16,11,76,96,88,96.2373224802076,Master's,4.0354725376718,Yes,Standard,Yes,Fail
S774,Student_774,Other,15,11,95,94,71,80.2772427182572,PhD,1.4231860810912,Yes,Free or reduced,No,Pass
S775,Student_775,Male,16,9,72,50,53,92.9875764047324,Bachelor's,3.02455941077858,No,Free or reduced,Yes,Pass
S776,Student_776,Female,17,11,79,66,62,93.3775306208137,High School,4.25850022410367,No,Free or reduced,Yes,Pass
S777,Student_777,Other,15,10,94,52,94,95.9731156071327,High School,4.74465216620399,Yes,Free or reduced,No,Fail
S778,Student_778,Male,15,10,96,75,91,98.6550587812063,Master's,3.05407146696708,Yes,Free or reduced,Yes,Pass
S779,Student_779,Other,15,9,72,64,99,80.4027569789858,High School,4.80111689444563,No,Free or reduced,Yes,Pass
S780,Student_780,Male,17,10,98,85,98,83.0756741102643,High School,3.14275588182412,Yes,Standard,Yes,Pass
S781,Student_781,Male,16,10,96,81,69,97.7234258811199,PhD,2.57676197839963,No,Standard,Yes,Pass
S782,Student_782,Male,15,11,69,81,62,150,High School,4.39281251421158,Yes,Standard,No,Pass
S783,Student_783,Female,17,10,67,53,66,91.2918127786693,High School,2.97193084183236,Yes,Standard,Yes,Pass
S784,Student_784,Female,16,9,67,67,85,93.2605440744629,High School,2.88761004225809,Yes,Free or reduced,No,Fail
S785,Student_785,Other,17,11,51,98,82,93.5813320899127,Master's,2.96124995763931,No,Standard,Yes,Pass
S786,Student_786,Male,16,12,53,68,50,98.6348080663302,Master's,4.38714000747898,No,Standard,Yes,Fail
S787,Student_787,Male,17,11,79,92,64,99.9389883482334,PhD,4.32776616675221,Yes,Free or reduced,No,Pass
S788,Student_788,Female,16,9,82,84,62,94.4031492186188,High School,2.61407996976084,No,Standard,Yes,Pass
S789,Student_789,Male,15,11,85,89,66,85.744424184103,Master's,2.3331994394821,No,Free or reduced,No,Pass
S790,Student_790,Female,16,11,67,63,73,97.5950480458869,Master's,2.96771209615652,No,Free or reduced,No,Fail
S791,Student_791,Male,17,9,86,82,57,80.9844182908152,PhD,3.29109003894844,No,Free or reduced,No,Pass
S792,Student_792,Other,17,11,68,63,99,84.6216170574899,Bachelor's,1.95334884251199,Yes,Free or reduced,Yes,Pass
S793,Student_793,Male,16,9,96,83,76,97.9477143492743,High School,4.17582033886236,No,Free or reduced,Yes,Pass
S794,Student_794,Male,15,9,77,53,94,85.1238302887871,Master's,2.94593106292969,No,Standard,Yes,Pass
S795,Student_795,Female,15,12,89,73,72,84.413021192435,PhD,2.33618219367984,Yes,Standard,Yes,Fail
S796,Student_796,Male,16,10,69,78,95,82.7625058628049,PhD,1.42728397185596,No,Standard,No,Fail
S797,Student_797,Male,16,10,98,68,57,97.1822351529383,PhD,1.95538064161443,No,Free or reduced,Yes,Fail
S798,Student_798,Female,17,11,82,55,57,90.0011651838218,Master's,4.79712468702394,No,Standard,Yes,Fail
S799,Student_799,Other,15,11,61,82,75,93.4978640610831,High School,2.22039874727811,Yes,Standard,No,Fail
S800,Student_800,Other,16,12,64,98,96,84.7813276815006,Bachelor's,1.67543715746814,Yes,Standard,No,Pass
S801,Student_801,Female,15,12,90,89,62,95.1608084202243,High School,2.84269116661997,No,Standard,Yes,Pass
S802,Student_802,Female,16,12,88,68,88,95.200110899242,PhD,2.22835097344099,No,Free or reduced,No,Pass
S803,Student_803,Female,16,9,51,50,86,86.251960498166,PhD,1.14063700108478,Yes,Standard,No,Fail
S804,Student_804,Female,15,12,78,54,98,88.2136526602057,Bachelor's,2.29258086911767,Yes,Free or reduced,No,Pass
S805,Student_805,Female,16,12,119,76,77,84.193805548604,High School,3.17643449575787,Yes,Free or reduced,No,Fail
S806,Student_806,Other,16,11,59,65,74,99.5312204664581,PhD,3.20684948807987,No,Standard,No,Pass
S807,Student_807,Other,17,12,51,55,65,92.9120515411682,PhD,2.42623568470755,No,Free or reduced,Yes,Fail
S808,Student_808,Female,16,9,60,89,51,98.6908776143103,High School,2.7892110250104,Yes,Free or reduced,Yes,Pass
S809,Student_809,Male,16,9,62,62,67,86.0677108725827,PhD,4.86207167293907,No,Free or reduced,Yes,Pass
S810,Student_810,Female,16,11,59,97,66,95.6378182599378,High School,2.50939390892125,No,Free or reduced,Yes,Pass
S811,Student_811,Male,17,12,63,84,79,95.3171728776949,PhD,2.03290725303993,No,Free or reduced,Yes,Pass
S812,Student_812,Female,15,12,67,68,88,93.8331130373308,High School,1.97386817626704,No,Free or reduced,Yes,Fail
S813,Student_813,Female,17,9,58,61,62,99.312779505336,Bachelor's,2.83105845081654,No,Free or reduced,Yes,Pass
S814,Student_814,Other,17,12,88,65,81,87.8711067221263,PhD,4.03808059486778,No,Standard,No,Pass
S815,Student_815,Male,15,12,77,92,99,82.6143464717952,Bachelor's,1.82395273675389,No,Standard,Yes,Pass
S816,Student_816,Male,17,12,52,59,78,93.4341771848812,PhD,3.83718450856307,Yes,Free or reduced,Yes,Fail
S817,Student_817,Other,15,10,69,74,95,94.5861960095441,PhD,1.08459929339767,Yes,Free or reduced,Yes,Pass
S818,Student_818,Other,17,11,55,69,79,91.5012114691763,Master's,2.67573191193578,Yes,Standard,No,Pass
S819,Student_819,Other,15,10,76,80,67,84.1363578626679,High School,4.10346026081115,Yes,Standard,Yes,Pass
S820,Student_820,Other,16,11,51,53,62,90.0891188333871,Bachelor's,2.35493182309773,Yes,Standard,Yes,Pass
S821,Student_821,Male,17,9,78,93,92,86.2437947313826,Bachelor's,3.2549484057816,Yes,Standard,No,Pass
S822,Student_822,Male,17,12,87,72,70,88.5493305633338,Bachelor's,1.81991693130364,Yes,Free or reduced,Yes,Fail
S823,Student_823,Female,17,11,52,51,79,92.9043715168933,High School,3.96798156450469,Yes,Free or reduced,Yes,Fail
S824,Student_824,Female,17,10,65,71,70,94.9042948538167,Master's,1.20911641307504,Yes,Standard,No,Fail
S825,Student_825,Other,16,12,79,86,97,84.6444938180269,Bachelor's,4.410170579502,No,Standard,Yes,Pass
S826,Student_826,Other,17,9,89,57,66,88.1065072129391,High School,1.79278554568667,No,Standard,No,Fail
S827,Student_827,Other,16,11,51,56,89,85.3832314198326,PhD,4.49759212683332,Yes,Standard,Yes,Pass
S828,Student_828,Female,16,11,66,63,68,83.9726322772374,Bachelor's,2.41011696520207,No,Free or reduced,Yes,Pass
S829,Student_829,Female,16,11,90,52,64,95.6677443999168,Bachelor's,3.89073429789795,No,Standard,Yes,Pass
S830,Student_830,Female,16,12,61,99,58,98.1850538887398,Master's,2.27690119114475,Yes,Standard,No,Pass
S831,Student_831,Female,15,10,84,65,59,87.4046437136915,Bachelor's,4.62364668493859,Yes,Standard,No,Fail
S832,Student_832,Female,15,10,92,68,93,95.0255784874753,Bachelor's,1.5065485020735,Yes,Free or reduced,No,Fail
S833,Student_833,Female,17,11,50,67,80,97.9399057872882,PhD,1.71407915709039,No,Free or reduced,Yes,Fail
S834,Student_834,Female,15,9,94,65,72,96.9224842106046,High School,2.97212050063521,No,Free or reduced,Yes,Pass
S835,Student_835,Other,15,9,64,57,79,83.6562677707845,High School,1.32775375615258,Yes,Standard,No,Fail
S836,Student_836,Other,17,10,75,82,82,140,Master's,1.78392073880705,No,Standard,No,Fail
S837,Student_837,Other,17,9,86,98,58,87.5335288085893,PhD,4.77506552884806,No,Standard,Yes,Pass
S838,Student_838,Other,17,10,70,61,96,86.7848132234767,High School,4.90595864459155,No,Free or reduced,Yes,Fail
S839,Student_839,Female,15,11,98,60,50,81.2486265455556,PhD,2.50503731732169,Yes,Free or reduced,Yes,Pass
S840,Student_840,Male,15,10,80,54,93,89.7234730820977,High School,4.69314408405574,No,Standard,Yes,Fail
S841,Student_841,Female,17,10,74,76,84,82.1802723128186,PhD,3.17929870269373,No,Standard,No,Fail
S842,Student_842,Male,16,11,72,61,60,84.9707964185485,Master's,2.07896986349507,No,Free or reduced,Yes,Fail
S843,Student_843,Other,17,9,73,66,83,86.3388524353456,Bachelor's,3.80959488432239,No,Standard,Yes,Pass
S844,Student_844,Female,16,10,87,55,65,96.1765264698337,Master's,3.63560722629943,No,Standard,Yes,Fail
S845,Student_845,Other,16,10,77,82,58,97.5097730079179,High School,4.95650127643493,No,Standard,Yes,Fail
S846,Student_846,Female,17,11,70,54,81,86.0493263492294,Master's,2.06018914963713,No,Free or reduced,Yes,Fail
S847,Student_847,Other,17,9,92,77,64,97.1739624248915,Bachelor's,3.68823801064694,Yes,Standard,Yes,Fail
S848,Student_848,Male,17,10,67,63,61,97.1446187473958,Master's,1.20809502011779,Yes,Standard,Yes,Pass
S849,Student_849,Male,15,11,85,54,82,95.2930190076975,High School,1.45458415478688,No,Standard,No,Pass
S850,Student_850,Male,16,10,84,82,94,82.9339022803036,High School,1.01567349980437,Yes,Standard,No,Fail
S851,Student_851,Female,15,12,94,99,63,93.8064569380146,Master's,4.99784272423869,No,Free or reduced,No,Fail
S852,Student_852,Male,15,11,58,97,57,98.9004812916114,Bachelor's,4.20909478858991,No,Free or reduced,Yes,Fail
S853,Student_853,Female,17,9,87,90,57,93.6508095753431,Master's,4.14689205893416,No,Free or reduced,No,Pass
S854,Student_854,Male,15,9,79,68,76,86.6323369821567,Bachelor's,3.03890430115272,Yes,Standard,Yes,Fail
S855,Student_855,Male,17,9,93,71,61,90.0115863486166,PhD,2.20026833162176,No,Free or reduced,Yes,Fail
S856,Student_856,Female,16,9,83,54,50,92.9145008670211,Bachelor's,1.6050571378507,No,Standard,Yes,Pass
S857,Student_857,Female,17,10,81,51,92,90.2114081745701,PhD,2.13869895538585,Yes,Free or reduced,Yes,Pass
S858,Student_858,Male,15,10,52,79,89,82.3990588346194,Master's,2.50388488771656,Yes,Standard,No,Pass
S859,Student_859,Female,15,9,52,96,91,86.2412808930404,Bachelor's,4.02524038792118,No,Free or reduced,Yes,Fail
S860,Student_860,Male,17,9,77,88,60,96.0479206110727,PhD,3.15864715561261,Yes,Free or reduced,Yes,Pass
S861,Student_861,Female,17,9,93,53,88,97.2283609219103,PhD,1.30993450622193,Yes,Free or reduced,No,Pass
S862,Student_862,Other,15,10,64,82,92,82.7460006543114,PhD,1.07211603583565,No,Standard,No,Fail
S863,Student_863,Other,16,9,90,62,80,99.0477350479745,High School,1.40932871813625,No,Standard,No,Pass
S864,Student_864,Other,16,9,150,69,66,86.5764523569722,Master's,2.64199485478952,No,Standard,Yes,Fail
S865,Student_865,Other,17,12,89,56,82,93.2462747746144,PhD,4.73277166819607,Yes,Free or reduced,No,Fail
S866,Student_866,Other,16,12,60,64,81,95.0365029191336,Bachelor's,3.54960992483689,Yes,Standard,Yes,Pass
S867,Student_867,Male,15,9,97,72,78,96.2389246927577,PhD,4.20730359950206,Yes,Standard,Yes,Fail
S868,Student_868,Other,17,11,81,63,70,98.9149940445186,High School,2.86549837801819,No,Standard,No,Pass
S869,Student_869,Other,15,9,85,72,70,86.2583909605764,Master's,2.44666433278017,Yes,Standard,No,Pass
S870,Student_870,Other,15,12,82,68,89,97.1701290910311,High School,1.43360149086649,Yes,Standard,No,Pass
S871,Student_871,Other,16,11,105,78,72,82.6337380687241,High School,4.50373208874482,No,Standard,Yes,Fail
S872,Student_872,Female,17,11,88,69,55,94.1008181270719,High School,4.13264011611161,No,Free or reduced,Yes,Pass
S873,Student_873,Male,17,9,83,78,71,94.8395545902797,Bachelor's,1.6724723903909,No,Free or reduced,Yes,Fail
S874,Student_874,Other,16,12,77,73,99,93.5544648240264,Master's,3.04904225550504,Yes,Standard,Yes,Fail
S875,Student_875,Other,15,12,86,67,87,85.0462947227031,Master's,2.94949923168498,No,Free or reduced,Yes,Fail
S876,Student_876,Other,15,11,56,59,86,97.4608629403041,Bachelor's,3.50036621074611,Yes,Free or reduced,Yes,Pass
S877,Student_877,Male,15,9,53,90,94,83.3771692674079,Master's,4.78474757596505,Yes,Standard,No,Fail
S878,Student_878,Female,15,10,86,57,57,81.0726958304166,High School,3.31908576704992,No,Standard,Yes,Fail
S879,Student_879,Male,17,10,50,75,90,94.3492998122382,Master's,3.16086906711447,No,Free or reduced,No,Pass
S880,Student_880,Female,17,12,50,78,98,89.5095143046547,Bachelor's,1.20129173173866,No,Standard,No,Pass
S881,Student_881,Other,16,10,96,59,84,96.9819603991735,High School,1.2516299040721,No,Free or reduced,No,Fail
S882,Student_882,Other,16,12,69,66,60,87.6679428211652,Bachelor's,1.74938716530716,No,Free or reduced,No,Fail
S883,Student_883,Male,17,12,68,51,73,83.3655717701543,PhD,1.12988308676699,Yes,Free or reduced,No,Pass
S884,Student_884,Male,17,12,78,55,98,96.7288438493974,High School,3.97341158228005,Yes,Standard,Yes,Fail
S885,Student_885,Female,15,10,59,54,70,90.9781926328014,High School,3.89332121597585,Yes,Free or reduced,Yes,Fail
S886,Student_886,Female,15,12,67,77,51,83.7839158478071,Master's,1.54422493772657,No,Standard,Yes,Fail
S887,Student_887,Male,16,11,77,90,89,94.4076799717289,High School,4.34431560318112,Yes,Standard,Yes,Fail
S888,Student_888,Female,17,9,84,54,68,170,Bachelor's,1.61914413938445,No,Standard,No,Pass
S889,Student_889,Male,16,9,92,67,88,92.0862596448064,Master's,2.20470234798944,No,Standard,No,Fail
S890,Student_890,Female,17,12,96,75,77,89.2179667641316,PhD,1.99590759664546,Yes,Standard,No,Pass
S891,Student_891,Male,15,9,80,69,66,96.5741796763601,Bachelor's,2.48922839429219,Yes,Free or reduced,Yes,Fail
S892,Student_892,Male,16,10,76,90,55,96.591254313661,PhD,2.01865506355985,No,Standard,Yes,Pass
S893,Student_893,Male,16,10,60,98,68,94.1877764364877,PhD,2.95580370575381,Yes,Standard,Yes,Fail
S894,Student_894,Female,17,9,98,76,87,82.1080275479292,PhD,2.62963152541874,No,Standard,Yes,Pass
S895,Student_895,Female,15,10,98,98,77,96.7770772380814,High School,4.94627796311731,Yes,Standard,No,Fail
S896,Student_896,Female,16,9,87,61,51,93.4202596106582,Bachelor's,1.2237054005129,Yes,Standard,No,Pass
S897,Student_897,Male,15,9,54,56,87,93.940483320086,Bachelor's,1.56872550554941,Yes,Free or reduced,Yes,Fail
S898,Student_898,Female,16,9,57,52,86,87.2596568080774,High School,1.21130357563441,Yes,Standard,Yes,Fail
S899,Student_899,Female,15,12,83,59,53,97.5855911231401,Master's,3.5033647799295,Yes,Standard,No,Pass
S900,Student_900,Male,17,9,97,83,71,94.5074320046972,PhD,1.21803710965488,No,Free or reduced,No,Pass
S901,Student_901,Other,16,12,61,74,75,82.2518093305839,Bachelor's,4.34575894950449,Yes,Standard,No,Pass
S902,Student_902,Male,16,9,87,84,98,88.1555606881233,High School,3.04775452272771,Yes,Free or reduced,No,Pass
S903,Student_903,Female,15,9,50,65,92,97.7276072392028,PhD,3.10803049832613,Yes,Free or reduced,Yes,Pass
S904,Student_904,Male,15,9,80,51,85,80.9439340339476,Master's,3.24637803084878,No,Free or reduced,No,Fail
S905,Student_905,Other,16,10,160,73,62,99.228332392841,Master's,1.68325482522484,No,Free or reduced,No,Pass
S906,Student_906,Male,17,12,98,59,81,93.5832513663913,PhD,1.79076121245795,No,Standard,No,Pass
S907,Student_907,Female,15,12,94,87,66,92.6275195528675,Master's,2.27526929149202,No,Standard,No,Fail
S908,Student_908,Other,15,9,99,71,90,85.4111851297598,Bachelor's,3.37398566328741,No,Free or reduced,Yes,Pass
S909,Student_909,Female,15,9,54,75,85,84.9758357747836,Bachelor's,1.84047110376086,Yes,Free or reduced,Yes,Pass
S910,Student_910,Other,16,10,79,92,95,98.8411643897719,Bachelor's,1.46532690853304,Yes,Standard,Yes,Pass
S911,Student_911,Other,16,10,73,88,68,85.9654490846825,Master's,4.88046754567373,Yes,Free or reduced,Yes,Fail
S912,Student_912,Male,16,10,52,76,84,95.51010593438,Bachelor's,1.08792725923849,No,Free or reduced,Yes,Pass
S913,Student_913,Male,16,12,60,78,95,87.8624359641416,High School,4.21078962134409,No,Free or reduced,Yes,Fail
S914,Student_914,Female,17,12,94,96,89,82.7850814156941,Bachelor's,4.15214059830009,Yes,Standard,No,Fail
S915,Student_915,Male,17,12,53,87,77,80.2143059539072,Bachelor's,2.18885645538038,No,Free or reduced,No,Pass
S916,Student_916,Male,16,9,75,69,50,90.885146740305,Master's,1.54250646402925,No,Standard,No,Fail
S917,Student_917,Other,17,12,76,76,91,99.5155763709787,Bachelor's,1.58251458682169,No,Standard,No,Pass
S918,Student_918,Male,15,11,95,90,67,87.3827238761841,PhD,3.78972646894877,Yes,Standard,Yes,Pass
S919,Student_919,Other,15,11,92,69,97,87.1438466798609,High School,3.57122636434469,Yes,Free or reduced,No,Pass
S920,Student_920,Other,15,10,76,93,89,86.8818323569888,Master's,4.13098269700555,No,Free or reduced,Yes,Pass
S921,Student_921,Other,16,12,91,68,82,90.4108767460972,High School,4.74992468959642,No,Standard,No,Pass
S922,Student_922,Female,15,11,99,69,61,88.8132976684859,PhD,3.76770945306637,No,Standard,No,Fail
S923,Student_923,Female,17,10,55,84,57,97.5982925345403,Master's,1.62340614620577,No,Standard,No,Fail
S924,Student_924,Female,16,12,64,96,73,90.1104158344698,Master's,1.97377046706164,Yes,Free or reduced,Yes,Fail
S925,Student_925,Other,17,9,79,51,65,90.1551567637714,Bachelor's,4.36877492349246,No,Free or reduced,No,Fail
S926,Student_926,Female,15,11,91,79,99,82.7674318944111,High School,1.83722430333683,Yes,Standard,Yes,Pass
S927,Student_927,Female,15,9,86,83,53,99.6547908182077,PhD,1.29008926781793,Yes,Standard,Yes,Pass
S928,Student_928,Male,15,12,86,71,87,84.9994578173766,PhD,3.813120216169,Yes,Free or reduced,No,Fail
S929,Student_929,Female,16,11,91,52,93,81.467281349192,Master's,2.61010542196057,No,Standard,Yes,Pass
S930,Student_930,Female,17,12,86,55,76,93.2629249795042,Bachelor's,4.68016021018361,Yes,Free or reduced,Yes,Fail
S931,Student_931,Other,16,9,84,64,58,91.9073274031375,Master's,3.60102028437465,Yes,Free or reduced,No,Fail
S932,Student_932,Other,16,11,72,76,96,88.3029130798549,Master's,1.36167591116664,No,Standard,No,Fail
S933,Student_933,Other,15,9,55,59,65,88.4438446776136,Master's,4.79142626901464,No,Standard,No,Fail
S934,Student_934,Other,16,12,53,58,61,95.7012784209286,Master's,2.03422905456098,No,Free or reduced,No,Pass
S935,Student_935,Other,16,12,67,82,80,83.914252801993,PhD,2.34884996162514,Yes,Free or reduced,No,Pass
S936,Student_936,Other,15,9,58,81,73,96.4050663788978,PhD,2.60904165473417,No,Free or reduced,No,Fail
S937,Student_937,Female,16,11,98,97,63,92.9749422779004,Master's,1.20489718561725,Yes,Free or reduced,Yes,Fail
S938,Student_938,Other,15,9,78,55,94,88.3793954755905,Master's,2.98606168892242,Yes,Free or reduced,No,Fail
S939,Student_939,Other,15,12,62,90,74,89.1605723316774,Bachelor's,1.49327396430117,No,Standard,No,Fail
S940,Student_940,Male,15,9,96,85,83,85.1329441437219,Master's,2.60388130675341,Yes,Free or reduced,Yes,Fail
S941,Student_941,Female,15,12,66,51,52,95.0422866539395,PhD,2.40283915196834,Yes,Free or reduced,No,Pass
S942,Student_942,Female,16,9,94,78,73,90.2574948461054,High School,4.09136033370601,Yes,Free or reduced,Yes,Fail
S943,Student_943,Female,15,11,81,53,91,86.4170908549969,PhD,4.21268204653092,Yes,Standard,No,Fail
S944,Student_944,Other,15,11,97,50,58,91.921002315219,Bachelor's,1.61365152955635,No,Standard,No,Pass
S945,Student_945,Other,16,9,71,68,75,99.9146890410265,PhD,2.4662047495169,Yes,Free or reduced,Yes,Pass
S946,Student_946,Other,16,9,53,75,69,88.7052455931311,High School,2.49341264412733,No,Free or reduced,No,Pass
S947,Student_947,Male,17,11,54,74,89,200,Master's,1.60564177574434,Yes,Standard,Yes,Pass
S948,Student_948,Other,16,12,86,59,59,86.9003367984913,High School,4.19381402020476,Yes,Standard,No,Pass
S949,Student_949,Male,16,11,90,64,68,81.0946541384997,Master's,3.82891331334169,No,Standard,No,Pass
S950,Student_950,Female,17,12,98,71,52,84.0848421273686,Master's,1.76152714518814,Yes,Standard,Yes,Pass
S951,Student_951,Other,16,9,62,97,73,88.3739028665537,PhD,2.4668876343752,Yes,Free or reduced,No,Pass
S952,Student_952,Male,16,9,83,70,54,84.3926985718914,PhD,1.42322009942606,Yes,Standard,No,Pass
S953,Student_953,Male,16,12,170,71,52,80.0045407643651,PhD,3.51282638837218,Yes,Free or reduced,Yes,Fail
S954,Student_954,Other,16,9,71,85,76,98.3000307549505,Bachelor's,1.48548769819448,Yes,Free or reduced,No,Pass
S955,Student_955,Female,17,12,72,83,65,96.8775882246186,PhD,4.94373667449967,Yes,Standard,Yes,Fail
S956,Student_956,Female,16,10,52,79,98,94.8458446297389,Bachelor's,4.12272829875145,No,Standard,No,Fail
S957,Student_957,Female,16,11,91,74,64,83.3562919129206,PhD,2.56095419833598,No,Standard,Yes,Fail
S958,Student_958,Male,17,10,83,94,84,82.4072715241997,Master's,3.31425572911742,No,Standard,No,Fail
S959,Student_959,Male,15,12,81,77,61,81.3520949894477,Bachelor's,4.64536726486564,Yes,Free or reduced,Yes,Fail
S960,Student_960,Male,17,11,94,50,90,94.4805837754584,High School,3.2163971215833,Yes,Free or reduced,Yes,Fail
S961,Student_961,Male,15,12,98,98,93,98.5761592137577,Bachelor's,1.69799394559182,Yes,Free or reduced,No,Fail
S962,Student_962,Female,17,11,70,94,75,88.6107164182607,Bachelor's,2.51481342232464,No,Standard,No,Fail
S963,Student_963,Other,17,11,95,53,96,82.382813439921,High School,4.37257946011898,Yes,Free or reduced,Yes,Pass
S964,Student_964,Male,16,11,93,56,83,90.2478564146421,Bachelor's,3.57685206395847,No,Standard,No,Fail
S965,Student_965,Male,15,11,70,98,72,86.9766381491726,Master's,3.6028975373352,Yes,Free or reduced,Yes,Fail
S966,Student_966,Female,16,12,93,58,80,87.496498487,PhD,4.46728594275396,Yes,Standard,No,Fail
S967,Student_967,Other,15,11,60,85,99,92.4266124831141,High School,4.57589222985002,Yes,Free or reduced,No,Fail
S968,Student_968,Other,17,11,88,68,69,94.374362265244,PhD,4.67917028711775,No,Free or reduced,Yes,Pass
S969,Student_969,Female,17,10,53,50,61,82.2120719774632,Master's,1.37939677301262,Yes,Standard,Yes,Fail
S970,Student_970,Female,15,9,50,59,72,80.7118046161295,High School,3.1765040078524,No,Free or reduced,No,Pass
S971,Student_971,Other,16,9,77,85,53,99.8866060537143,PhD,3.96203808487327,Yes,Free or reduced,No,Pass
S972,Student_972,Male,16,10,73,58,72,84.654566978311,PhD,4.02770738050806,Yes,Standard,No,Fail
S973,Student_973,Other,16,10,84,94,97,81.0766104981692,Master's,3.42686480788002,No,Standard,No,Fail
S974,Student_974,Female,16,12,62,95,97,83.7975065819184,PhD,1.6671493407347,Yes,Standard,No,Pass
S975,Student_975,Male,17,12,96,91,50,80.7791569269693,Master's,4.18968221576666,Yes,Standard,Yes,Fail
S976,Student_976,Male,17,12,83,81,74,87.8362178923434,Bachelor's,3.88044533405978,Yes,Standard,No,Fail
S977,Student_977,Female,17,10,60,81,51,96.0480356890265,Master's,1.34454308619615,Yes,Free or reduced,No,Pass
S978,Student_978,Female,17,10,85,55,79,86.8248889951544,Bachelor's,2.85523929869751,No,Standard,Yes,Pass
S979,Student_979,Female,17,11,66,97,52,88.8836681375673,High School,1.69590959808721,No,Free or reduced,Yes,Fail
S980,Student_980,Other,16,12,84,87,70,93.5117354713488,PhD,2.34990818285189,Yes,Free or reduced,Yes,Fail
S981,Student_981,Other,16,12,67,66,74,90.1778814013976,Master's,1.07232436882274,Yes,Standard,No,Fail
S982,Student_982,Male,16,12,89,59,69,97.2289137204265,Master's,2.60131947364303,No,Free or reduced,Yes,Pass
S983,Student_983,Female,16,9,71,99,98,97.3207135009151,PhD,3.19950768462484,Yes,Free or reduced,Yes,Fail
S984,Student_984,Male,17,11,73,76,71,80.1982139098231,PhD,3.47833037130835,No,Standard,Yes,Pass
S985,Student_985,Male,17,12,68,99,70,95.560926129664,High School,3.65396138051484,Yes,Free or reduced,Yes,Pass
S986,Student_986,Male,17,12,86,84,82,89.2146720048335,High School,4.34516525240984,No,Standard,No,Fail
S987,Student_987,Male,15,12,88,70,87,99.7768108260733,Master's,1.86185162910292,No,Standard,No,Pass
S988,Student_988,Female,16,9,70,74,64,89.6646415175087,High School,1.48192728975387,No,Standard,No,Fail
S989,Student_989,Male,16,9,57,77,95,99.737918907766,Bachelor's,4.4061486875917,No,Free or reduced,Yes,Fail
S990,Student_990,Female,17,10,77,96,64,95.0913872241147,High School,1.6264512595706,Yes,Free or reduced,Yes,Pass
S991,Student_991,Female,16,11,54,64,95,84.9720976922661,High School,4.89904032534478,Yes,Free or reduced,Yes,Fail
S992,Student_992,Other,16,10,66,53,74,90.7678995857392,Master's,4.37015291759455,No,Free or reduced,Yes,Pass
S993,Student_993,Female,17,11,86,78,70,99.8427127895717,Bachelor's,3.0035064235584,No,Standard,Yes,Pass
S994,Student_994,Other,15,9,85,58,73,97.1506121550385,High School,4.9256856996881,No,Free or reduced,Yes,Fail
S995,Student_995,Female,15,12,68,76,54,81.9473378758244,Bachelor's,1.38950691643202,No,Standard,No,Fail
S996,Student_996,Female,15,10,76,75,55,94.1274399361999,Bachelor's,2.21226304470041,Yes,Free or reduced,No,Fail
S997,Student_997,Female,17,12,83,68,98,86.9115917174163,Bachelor's,3.55289766016245,No,Free or reduced,Yes,Fail
S998,Student_998,Other,16,10,60,77,92,80.139645237607,PhD,2.40002747389271,No,Free or reduced,No,Pass
S999,Student_999,Other,17,9,94,66,97,88.06961938054,PhD,4.71349020792317,No,Free or reduced,Yes,Pass
S1000,Student_1000,Male,17,9,130,92,93,140,PhD,1.26250435271127,No,Free or reduced,Yes,Pass
